CCG Code,CCG Name,STP20 Code,STP20 Name,NHSER20 Code,NHSER20 Name,All Ages,0,1,2,3,4,5,6,7,8,9,10,11,12,13,14,15,16,17,18,19,20,21,22,23,24,25,26,27,28,29,30,31,32,33,34,35,36,37,38,39,40,41,42,43,44,45,46,47,48,49,50,51,52,53,54,55,56,57,58,59,60,61,62,63,64,65,66,67,68,69,70,71,72,73,74,75,76,77,78,79,80,81,82,83,84,85,86,87,88,89,90+
E38000020,NHS Brent CCG,E54000027,North West London Health and Care Partnership,E40000003,London,329771,4729,4696,4955,4929,4737,4751,4707,4824,4206,4253,4070,4091,3933,3951,3691,3774,3714,3676,3807,3670,3812,4264,4430,4744,4869,4923,4942,4931,5445,5298,5457,5590,5556,6009,5745,5471,5663,5492,5355,5172,4861,4697,4569,4471,4266,4292,4361,4277,4158,4130,4202,4159,4000,4143,4097,4026,4019,3773,3677,3748,3639,3508,3143,3166,2969,2687,2594,2484,2376,2456,2126,2088,2081,1856,1694,1633,1532,1491,1247,1436,1296,1185,1201,1087,1023,866,791,681,626,508,2043
E38000031,NHS Central London (Westminster) CCG,E54000027,North West London Health and Care Partnership,E40000003,London,190034,1604,1798,1948,2052,1924,2054,2169,2297,2195,2124,2033,1903,1798,1720,1703,1689,1627,1732,2041,2447,2160,2352,2787,3138,3383,3695,3868,3384,3184,3523,3444,3397,3740,3959,3674,3456,3642,3554,3489,3383,3162,2862,2924,2748,2814,2708,2696,2524,2358,2599,2540,2569,2500,2361,2387,2240,2163,2006,2018,1934,1809,1805,1605,1728,1657,1567,1524,1501,1419,1371,1342,1319,1377,1156,1129,989,931,816,809,758,859,781,723,650,609,494,522,412,390,334,1465
E38000048,NHS Ealing CCG,E54000027,North West London Health and Care Partnership,E40000003,London,341806,4821,4813,4914,4858,4898,4952,5107,5079,4900,4698,4396,4666,4368,4264,3948,3815,3856,3819,3792,3379,3101,3262,3512,4391,4455,4653,4532,4750,5041,5164,5357,5374,5375,5832,5583,5344,5411,5571,5777,5692,5656,4946,5142,5130,4943,5116,4813,4938,4857,4826,4805,4682,4572,4494,4411,4248,4073,4046,3751,3587,3530,3347,3256,3164,3107,2993,2930,2719,2537,2500,2481,2367,2303,1938,1766,1743,1693,1570,1425,1476,1464,1414,1197,1188,1085,963,822,758,696,582,2236
E38000070,NHS Hammersmith and Fulham CCG,E54000027,North West London Health and Care Partnership,E40000003,London,185143,2214,2241,2297,2286,2123,2219,2267,2345,2261,2221,2180,2008,2100,1827,1719,1567,1584,1573,1649,1549,2184,2628,3310,3274,3784,3804,3717,3761,3705,3627,3628,3687,3773,3836,3691,3254,3253,3217,2955,3184,2865,2772,2800,2712,2851,2847,2594,2718,2575,2481,2370,2413,2453,2321,2256,2275,2085,1955,1798,1810,1541,1621,1412,1396,1351,1322,1214,1182,1177,1104,1156,1164,1173,993,879,888,766,663,709,705,677,582,528,473,419,394,340,359,281,268,953
E38000074,NHS Harrow CCG,E54000027,North West London Health and Care Partnership,E40000003,London,251160,3545,3606,3587,3645,3459,3542,3583,3630,3223,3159,3124,3224,2946,3015,3024,3098,3017,2948,2658,1923,2011,2366,2617,2840,3205,3483,3283,3220,3462,3514,3883,3890,3759,3750,3915,3837,3659,3942,3857,3841,3916,3564,3551,3351,3365,3217,3502,3217,3232,3191,3205,3083,3236,3142,3086,3218,3133,3095,2970,3042,2873,2679,2688,2744,2582,2323,2376,2208,2183,2162,2090,2087,2087,1857,1671,1704,1492,1359,1222,1354,1322,1234,1128,1059,1064,968,848,702,627,581,2280
E38000082,NHS Hillingdon CCG,E54000027,North West London Health and Care Partnership,E40000003,London,306870,4133,4424,4433,4489,4623,4543,4570,4591,4264,4158,4065,4105,3876,3738,3700,3514,3431,3420,3486,3754,3731,3872,3846,4032,3970,4330,4433,4513,4746,4690,4678,4748,4693,4946,4772,4866,4921,4806,4935,4910,4992,4612,4273,4225,4205,4023,3979,3994,3964,4034,3818,3978,3920,3825,3843,3797,3679,3635,3378,3274,3122,2978,2785,2758,2629,2452,2395,2163,2096,2178,2153,2203,2435,1919,1739,1749,1582,1497,1307,1387,1326,1328,1276,1205,1079,929,841,782,664,579,2131
E38000084,NHS Hounslow CCG,E54000027,North West London Health and Care Partnership,E40000003,London,271523,3839,3930,3981,4181,3991,3916,4145,4308,3843,3683,3634,3563,3333,3252,3060,2874,2936,2763,2891,2520,2679,2725,3017,3343,3589,3667,3738,3823,4165,4458,4322,4615,4535,4607,4914,4769,4796,4960,4929,4778,4470,4365,4183,4157,4219,3894,3885,3759,3609,3645,3430,3505,3384,3410,3512,3287,3051,3033,2893,2798,2722,2593,2557,2351,2308,2214,2184,2098,1909,1963,1887,1908,1831,1457,1455,1355,1265,1227,1011,1071,1062,1014,885,845,743,671,600,526,467,404,1379
E38000202,NHS West London CCG,E54000027,North West London Health and Care Partnership,E40000003,London,227412,2479,2455,2404,2570,2552,2534,2589,2824,2693,2439,2483,2370,2307,2377,2130,2139,2068,1931,2043,2058,2278,2409,2931,3391,3441,3782,3769,3611,3592,3906,4095,3879,3824,4254,4068,3937,4122,3988,4338,4126,4064,3777,3631,3514,3306,3368,3275,3227,3088,3022,3065,3152,3044,2986,3035,2895,2819,2623,2631,2463,2419,2237,2117,2026,2012,1908,1857,1849,1794,1976,1817,1860,1816,1626,1529,1454,1353,1198,1042,1092,992,927,861,752,724,576,518,464,453,409,1583
E38000240,NHS North Central London CCG,E54000028,North London Partners in Health and Care,E40000003,London,1510806,18116,18954,19244,19453,19363,19276,19636,20322,19585,19210,18719,18867,18168,17829,16899,16658,16366,15994,16272,16217,17321,18827,21336,24422,25334,26612,26741,28416,28489,28760,28416,28925,27310,27331,27204,25875,25506,25425,24987,24438,23600,22046,21111,21049,20058,20202,20029,19867,20360,19607,19689,19538,19032,19269,18401,17882,17272,16289,15560,14979,14088,13527,12716,12365,11639,11106,10760,10438,9956,10194,10002,9847,10124,8634,8132,8044,7208,6449,5712,5976,5883,5454,4984,4726,4308,3876,3600,3145,2893,2468,9889
E38000004,NHS Barking and Dagenham CCG,E54000029,East London Health and Care Partnership,E40000003,London,212906,3597,3818,3886,4020,3776,3829,3907,3901,3735,3765,3523,3636,3564,3207,3073,2744,2783,2783,2723,2207,2128,2527,2641,2696,3080,3074,3095,3183,3262,3360,3384,3666,3630,3534,3811,3496,3403,3505,3302,3357,3143,3070,3084,2890,3049,2945,2860,2796,2850,2840,2572,2530,2519,2456,2416,2319,2246,2141,1954,1875,1846,1664,1576,1485,1389,1312,1282,1131,1147,1048,1020,1015,1053,898,850,717,749,678,570,625,611,644,538,484,488,392,378,339,309,299,1203
E38000035,NHS City and Hackney CCG,E54000029,East London Health and Care Partnership,E40000003,London,290841,4323,4175,4167,4049,3987,3805,4046,3910,3718,3537,3400,3376,3383,3484,3190,3039,3034,2864,2867,2703,2668,2881,3429,4071,4506,5168,5391,6134,6676,7132,7273,7847,8004,7866,7404,7135,6743,6236,6077,5758,5266,4650,4180,3925,3821,3622,3555,3611,3293,3263,3084,3353,3257,3111,2996,2812,2759,2624,2429,2357,2260,2029,1966,1975,1853,1629,1633,1454,1424,1387,1306,1289,1305,985,991,925,864,757,709,726,687,637,616,563,571,428,385,320,297,282,1164
E38000077,NHS Havering CCG,E54000029,East London Health and Care Partnership,E40000003,London,259552,3316,3416,3499,3666,3470,3464,3415,3582,3225,3138,3238,3174,3082,3041,3035,2902,2854,2844,2879,2385,2500,2588,2941,3164,3281,3253,3415,3511,3719,3650,3826,3798,3719,3674,3785,3594,3513,3767,3764,3651,3365,3182,3251,3198,3093,3089,3008,3311,3344,3363,3440,3478,3546,3579,3434,3523,3358,3217,3319,3160,3037,3050,2777,2522,2461,2540,2309,2341,2296,2340,2419,2547,2867,2172,1955,1937,1828,1640,1455,1593,1508,1454,1448,1286,1251,1104,1017,959,846,741,2856
E38000113,NHS Newham CCG,E54000029,East London Health and Care Partnership,E40000003,London,353134,5382,5499,5498,5523,5315,5561,5488,5406,4749,4291,4391,4488,4239,4223,4138,3948,4065,3864,4098,4045,4356,4635,5284,6025,6351,6812,6978,7057,7793,8128,8278,8192,7958,8115,8068,7785,7540,6885,6232,5875,5498,4962,4830,4731,4329,4254,4128,4184,4283,4274,4156,4007,3803,3689,3516,3512,3356,3143,3169,2962,2767,2661,2600,2431,2103,1998,1877,1904,1715,1714,1394,1452,1417,1175,1069,1061,969,971,843,889,823,802,746,642,565,552,418,445,347,312,1128
E38000138,NHS Redbridge CCG,E54000029,East London Health and Care Partnership,E40000003,London,305222,4410,4547,4620,4509,4421,4272,4374,4450,4269,4226,4165,4351,4137,3978,3870,3899,3878,3871,3722,3005,2882,3335,3665,3928,4245,4164,4385,4623,4747,4921,4640,5157,4814,4902,5014,5106,5226,4900,5205,4977,4818,4624,4548,4475,4330,4256,4088,4117,3936,3811,3905,3849,3737,3628,3664,3610,3490,3305,3204,3251,2945,2920,2838,2623,2588,2536,2351,2254,2189,2175,2022,2076,2071,1755,1602,1501,1551,1296,1169,1297,1260,1205,989,988,885,892,726,670,624,518,2250
E38000186,NHS Tower Hamlets CCG,E54000029,East London Health and Care Partnership,E40000003,London,324745,4249,4421,4496,4465,4347,4288,4594,4606,4087,4022,3815,3784,3804,3727,3423,3429,3435,3298,3396,3939,4587,4925,5604,6349,6786,7361,7721,8078,8809,8465,8867,9252,8949,8446,7985,7481,7092,6707,6177,5958,5397,5185,4987,4431,4273,4005,3825,3587,3608,3358,3215,3138,3040,2813,2652,2650,2466,2328,2233,2103,2021,1985,1867,1784,1711,1595,1536,1526,1236,1253,1157,1059,1065,897,821,728,686,678,687,686,611,573,522,506,437,411,378,356,300,280,875
E38000192,NHS Waltham Forest CCG,E54000029,East London Health and Care Partnership,E40000003,London,276983,4483,4211,4322,4338,4210,3930,4088,4298,3701,3502,3515,3535,3405,3152,3057,3035,3103,2872,2967,2449,2583,2721,2986,3526,3724,3757,4021,4277,4766,5030,5166,5503,5374,5745,5747,5594,5642,5361,5062,4852,4609,4360,4089,4027,3875,3787,3704,3818,3779,3748,3762,3616,3495,3384,3291,3294,3029,2848,2668,2703,2660,2363,2281,2145,2058,2013,1818,1845,1676,1535,1649,1666,1596,1381,1202,1171,1140,1065,887,960,941,904,837,775,686,639,587,519,407,430,1651
E38000244,NHS South East London CCG,E54000030,Our Healthier South East London,E40000003,London,1819271,23084,23800,23826,24003,23656,23450,24235,24580,23123,22349,22122,22203,21226,20740,19676,18727,18384,17880,18382,16237,16729,18313,22162,25709,28071,30126,31852,33557,34973,36140,37209,36672,35909,34951,34563,33119,32543,30938,32073,30895,29596,27845,26537,25503,24707,24032,24432,24217,24492,24143,24008,23687,24120,23525,23422,23053,21896,20826,20134,19025,17609,16837,15729,14836,13751,13000,12284,11700,11677,11218,11394,11708,12451,9783,8944,8562,8362,7461,6782,7129,6868,6545,5940,5729,5129,4493,4152,3792,3354,3037,11628
E38000245,NHS South West London CCG,E54000031,South West London Health and Care Partnership,E40000003,London,1504810,19516,19975,20272,20619,20529,20143,20475,21175,20387,20001,19302,19124,18735,17296,16401,16129,15565,15014,15253,12363,12278,13844,15920,18755,20675,21216,21919,23387,23877,23897,24556,26009,25525,26634,26648,26035,26946,27147,26128,25855,25378,23660,23035,22276,22155,21540,21443,21729,20930,20298,20445,20428,20162,20368,19398,19488,18648,17541,16666,15846,15132,14134,13757,13277,12502,12184,11520,11106,11060,10759,10885,10991,11875,9296,8467,8187,7712,6831,6370,6516,6338,5902,5481,5128,4651,4108,3749,3497,2991,2703,10742
E38000237,NHS Kent and Medway CCG,E54000032,Kent and Medway,E40000005,South East,1860111,20298,21409,22102,22416,22980,23226,23478,24492,24214,24129,23657,23915,23508,23028,22022,21779,21172,20993,20873,19489,20078,20635,21087,20704,20933,22302,21737,23243,22950,22661,22808,22848,22799,23188,22919,22655,22756,23073,23653,23989,23213,21467,21501,21605,22653,23153,24279,25217,26206,25800,26724,26419,27113,27075,27155,26449,25751,25169,23947,22865,22688,21944,21280,20311,19674,19636,19354,18724,19038,19573,20393,21827,24098,18214,16862,16764,15192,13265,11520,11859,11542,10579,9920,9137,8225,7363,6699,6127,5480,4655,18209
E38000118,NHS North East Hampshire and Farnham CCG,E54000034,Frimley Health and Care ICS,E40000005,South East,211709,2367,2459,2453,2677,2856,2644,2753,2865,2743,2835,2690,2797,2737,2658,2651,2467,2289,2301,2364,1760,1867,1954,2187,2262,2380,2218,2151,2247,2399,2548,2489,2678,2875,2651,2729,2669,2749,2769,2985,3047,3013,2801,2887,3132,3117,3259,3248,3323,3312,3089,3241,3243,3183,3187,3287,3088,3068,2843,2698,2501,2402,2275,2202,2106,2012,2027,1913,1818,1934,1880,2094,2168,2398,1805,1779,1731,1664,1416,1298,1258,1281,1205,1129,961,907,827,720,621,566,502,2070
E38000178,NHS Surrey Heath CCG,E54000034,Frimley Health and Care ICS,E40000005,South East,96564,991,1010,1035,1182,1113,1165,1113,1243,1267,1216,1193,1196,1168,1178,1108,1116,1071,1119,1025,834,768,798,998,1007,1032,1028,1070,1072,1083,1015,1140,1193,1032,1085,1049,1159,1140,1282,1259,1391,1280,1214,1302,1289,1375,1399,1484,1509,1544,1590,1403,1437,1496,1569,1464,1440,1384,1407,1333,1234,1160,1216,1050,1068,1050,969,973,935,876,932,976,1066,1212,904,834,908,841,692,582,668,618,556,554,556,447,481,403,367,342,259,972
E38000224,NHS East Berkshire CCG,E54000034,Frimley Health and Care ICS,E40000005,South East,436701,5375,5709,5856,6069,5947,6090,6117,6440,6383,6462,6364,6171,6287,6026,5898,5800,5578,5335,5422,4925,4522,4694,4846,5195,5120,4997,4713,4835,5086,5239,5424,5749,5959,6188,6286,6353,6884,6853,7136,7237,6822,6717,6309,6314,6304,6180,6359,6316,6420,6026,6206,6180,6091,5832,6092,5579,5513,5444,5216,4849,4650,4517,4175,4007,3943,3755,3568,3526,3488,3325,3358,3479,3696,2880,2811,2716,2508,2175,1952,2064,1958,1894,1786,1635,1552,1375,1230,1077,997,787,3478
E38000059,NHS Fareham and Gosport CCG,E54000042,Hampshire and the Isle of Wight,E40000005,South East,201071,1741,1878,2019,2170,2129,2147,2203,2344,2365,2437,2276,2363,2335,2281,2206,2252,2092,2177,2263,1959,1920,1828,2015,2172,2292,2262,2165,2187,2209,2342,2454,2402,2339,2334,2372,2298,2395,2370,2402,2464,2209,2209,2180,2268,2405,2445,2721,2756,3015,2776,2914,2943,2986,3004,3093,3057,3030,2950,2916,2759,2801,2658,2505,2488,2267,2195,2255,2242,2269,2281,2543,2536,2934,2245,2153,2071,1855,1632,1361,1474,1448,1365,1289,1185,1084,1028,897,862,739,626,2288
E38000087,NHS Isle of Wight CCG,E54000042,Hampshire and the Isle of Wight,E40000005,South East,141771,1122,1161,1227,1290,1420,1429,1409,1473,1420,1441,1385,1416,1461,1505,1441,1421,1384,1333,1420,1235,1173,1165,1370,1355,1391,1465,1274,1308,1429,1264,1296,1367,1341,1342,1366,1380,1278,1305,1365,1416,1419,1294,1273,1358,1506,1588,1676,1711,1934,1948,2004,2082,2161,2186,2266,2150,2196,2121,2123,2112,2167,2060,2050,2126,2031,2173,2059,2072,2051,2112,2246,2419,2665,2069,1943,1922,1752,1607,1210,1313,1219,1130,1007,970,903,795,714,694,566,504,2071
E38000120,NHS North Hampshire CCG,E54000042,Hampshire and the Isle of Wight,E40000005,South East,225387,2407,2473,2710,2755,2691,2884,2902,3082,3107,2969,2796,2899,2831,2815,2502,2497,2475,2523,2413,1897,1935,1851,2243,2463,2523,2356,2263,2333,2475,2709,2756,2811,2841,2861,2874,2899,3105,2980,3065,3059,3053,2873,2860,2931,3203,3013,3332,3317,3547,3280,3532,3431,3483,3421,3508,3455,3325,3240,3054,2969,2770,2647,2643,2386,2229,2330,2270,2165,2214,2236,2411,2481,2777,2139,1965,1924,1729,1501,1323,1384,1337,1243,1116,1076,869,827,735,697,583,534,1989
E38000137,NHS Portsmouth CCG,E54000042,Hampshire and the Isle of Wight,E40000005,South East,214905,2283,2350,2414,2565,2600,2597,2612,2597,2598,2592,2570,2510,2476,2366,2192,2289,2080,2065,2607,5132,5675,5819,4891,3979,3631,3963,3964,4053,3721,3579,3284,2947,2978,3201,3099,3131,2839,2715,2704,2698,2455,2244,2276,2377,2375,2378,2537,2645,2632,2687,2559,2571,2659,2653,2674,2618,2640,2460,2423,2318,2234,2112,1992,1825,1762,1634,1664,1583,1490,1636,1677,1761,1993,1504,1384,1265,1222,1131,949,990,960,943,829,825,731,674,522,568,473,413,1612
E38000154,NHS South Eastern Hampshire CCG,E54000042,Hampshire and the Isle of Wight,E40000005,South East,217701,2031,2095,2246,2339,2327,2438,2516,2550,2619,2609,2571,2606,2520,2523,2581,2487,2360,2375,2362,1989,2018,1920,2228,2301,2265,2240,2275,2302,2322,2466,2268,2327,2340,2230,2166,2319,2342,2356,2356,2327,2382,2242,2298,2328,2463,2565,2765,2919,3048,3014,3241,3182,3296,3259,3336,3449,3414,3288,3293,3107,3082,3005,2880,2806,2660,2593,2566,2510,2450,2605,2695,2877,3193,2547,2394,2308,2153,1823,1602,1744,1687,1569,1480,1307,1260,1113,1076,935,858,756,2766
E38000167,NHS Southampton CCG,E54000042,Hampshire and the Isle of Wight,E40000005,South East,252520,2953,3030,3078,3119,3216,3136,3162,3235,3134,2933,2895,2835,2694,2549,2376,2396,2275,2259,2905,5943,7285,7253,6802,5460,5121,5351,5678,5286,4707,4643,3874,3637,3566,3597,3630,3289,3466,3443,3383,3287,2970,2804,2778,2857,2631,2745,2808,2592,2829,2671,2559,2699,2780,2800,2960,2812,2821,2681,2480,2399,2393,2467,2172,2072,1986,1984,1971,1785,1824,1844,1829,1848,1997,1618,1643,1401,1394,1227,1073,1073,1060,976,868,879,742,665,675,612,595,427,1863
E38000198,NHS West Hampshire CCG,E54000042,Hampshire and the Isle of Wight,E40000005,South East,570799,5280,5442,5740,6123,6190,6380,6667,6865,6951,6831,6909,6923,6735,6641,6294,6273,6163,6126,6363,5803,5562,5576,5392,5637,5506,5491,5498,5680,6150,6039,6057,6427,6013,5823,6141,5915,6221,6273,6533,6898,6776,6489,6389,6520,7219,7201,7673,7861,8111,7844,8098,8135,8301,8567,8804,8618,8638,8086,8088,7563,7561,7397,7323,6863,6764,6680,6756,6586,6680,6935,7163,7640,8569,6437,6305,6146,5595,4908,4281,4428,4182,4135,3827,3607,3276,2897,2714,2444,2337,1901,7950
E38000136,NHS Oxfordshire CCG,E54000044,"Buckinghamshire, Oxfordshire and Berkshire West",E40000005,South East,676171,7238,7536,7676,8022,7988,7916,8163,8570,8855,8341,8068,8367,8190,7921,7699,7679,7425,7005,7717,9546,10007,10080,9791,9320,9495,9251,9150,8868,8870,8418,7902,7930,8209,8497,8736,8673,9034,8671,8945,8701,8675,8126,8156,7842,8195,8466,8717,8997,9213,9143,9146,9349,9343,9582,9449,9417,9168,8826,8366,8180,7773,7586,7302,6976,6711,6611,6503,6125,6498,6606,6724,7091,7405,5790,5861,5706,5277,4591,4048,4147,4141,3778,3549,3374,3086,2672,2479,2286,1995,1689,6965
E38000221,NHS Berkshire West CCG,E54000044,"Buckinghamshire, Oxfordshire and Berkshire West",E40000005,South East,491349,5445,5755,6097,6440,6254,6365,6852,6830,6885,6808,6655,6835,6503,6140,5897,5922,5812,5526,5750,5742,5681,5573,5523,5841,5866,5833,5837,6013,6005,6224,5804,6088,6198,6235,6502,6492,6641,6777,7050,7360,7004,6895,6909,6611,6881,6795,6947,7288,7288,6938,7228,6899,7133,6949,6976,6834,6689,6296,6089,5808,5515,5549,5206,4931,4650,4569,4324,4337,4305,4227,4415,4740,5107,3740,3717,3738,3352,2984,2614,2638,2517,2462,2220,2048,1911,1683,1486,1435,1232,1082,4102
E38000223,NHS Buckinghamshire CCG,E54000044,"Buckinghamshire, Oxfordshire and Berkshire West",E40000005,South East,546626,5872,6301,6413,6831,7021,7020,7205,7581,7754,7570,7603,7595,7474,7111,6927,6873,6580,6581,6372,4446,4073,4341,5011,5698,5906,5527,5585,5558,5713,5945,6121,6200,5914,6462,6529,6560,6810,7220,7442,7444,7591,7217,7293,7262,7377,7628,7891,7880,8332,8075,8041,8226,8355,8087,8170,8173,7735,7414,7268,6919,6696,6497,6240,5847,5736,5528,5531,5182,5137,5351,5481,5724,6242,4737,4720,4705,4360,3828,3294,3478,3375,3239,3030,2864,2612,2220,2115,1922,1642,1420,5750
E38000246,NHS Surrey Heartlands CCG,E54000052,Surrey Heartlands Health and Care Partnership,E40000005,South East,1049170,11316,11933,12347,12975,13077,13185,13541,14109,14110,14027,13512,13794,13322,13035,12557,12380,12142,11924,12078,10079,10110,10192,11114,11546,11437,11257,11165,11171,11541,11403,11420,11784,11209,11625,12041,12392,12857,13795,14259,14813,14816,14603,14502,14530,15008,14823,15176,15384,15691,14891,15196,15410,15710,15643,15617,15552,15041,14342,13944,13124,12497,12160,11527,11066,10678,10182,10185,9882,9836,10061,10518,11071,11924,9527,8810,8903,8246,7076,6282,6520,6530,6067,5784,5494,4941,4534,4163,3950,3548,3046,12585
E38000021,NHS Brighton and Hove CCG,E54000053,Sussex and East Surrey Health and Care Partnership,E40000005,South East,290885,2421,2577,2713,2788,2832,2733,2908,3080,2820,2897,2856,2956,2895,2869,2708,2765,2711,2738,3507,5948,7418,7574,7169,6301,5563,5758,5550,5824,6133,5427,4741,4439,4234,4239,4032,3881,4088,4055,4025,3871,3877,3666,3588,3758,3526,3757,4110,4124,4076,3848,4082,4008,4039,4132,4020,3894,3599,3379,3045,3014,2685,2678,2477,2312,2308,2307,2110,1986,2046,2038,2103,2226,2336,1790,1639,1678,1577,1277,1213,1226,1140,1162,1059,1001,887,838,838,689,677,580,2416
E38000235,NHS East Sussex CCG,E54000053,Sussex and East Surrey Health and Care Partnership,E40000005,South East,557229,4764,5105,5364,5566,5792,5757,6120,6299,6467,6403,6313,6333,6274,6293,5916,6010,5850,5712,5975,4852,4668,4964,5227,5475,5471,5410,5200,5339,5636,5345,5408,5590,5598,5439,5705,5549,5965,6108,6039,6141,6034,5544,5597,5889,6254,6513,6931,7404,7832,7642,7915,8075,8537,8485,8666,8629,8531,8162,7945,7712,7765,7498,7351,7310,6974,7196,7130,7007,7182,7445,7724,8525,9517,7095,6679,6590,5943,5300,4384,4548,4578,4367,4051,3755,3443,3025,2825,2618,2431,2068,9166
E38000248,NHS West Sussex CCG,E54000053,Sussex and East Surrey Health and Care Partnership,E40000005,South East,857166,8392,8739,9174,9714,9834,9939,10084,10675,10492,10588,10410,10401,10059,9741,9215,9232,9014,8741,8699,7136,6924,7282,7989,8187,8108,8425,8391,8595,9137,9164,9376,9610,9432,9672,9915,9807,10083,10775,10877,11084,11000,10382,10095,10233,10591,11159,11326,12017,12432,11876,12428,12516,12807,12544,12882,12748,12311,12024,11736,11074,11180,10931,10329,10174,9962,9980,9804,9583,9650,10039,10530,11152,12396,9604,9109,8834,8520,7121,6200,6585,6329,6126,5624,5216,4890,4435,3942,3674,3508,3019,11427
E38000089,NHS Kernow CCG,E54000036,Cornwall and the Isles of Scilly Health and Social Care Partnership,E40000006,South West,571802,5009,5377,5514,5857,6018,6125,6479,6713,6635,6319,6360,6288,6409,6237,5994,5937,5704,5877,5961,6058,6123,6270,6186,5974,5566,5529,5584,5690,5566,5505,5439,5873,5513,5634,5781,5831,5789,5886,6434,6354,6101,5810,5854,6082,6282,6677,7267,7590,7996,7799,8046,8042,8594,8698,8467,8841,8643,8447,8310,8139,8207,8152,8063,7778,7473,7717,7705,7526,7700,7941,8322,8607,9564,7351,7013,6776,6118,5177,4473,4485,4257,3940,3834,3402,3245,2660,2561,2269,2049,1739,6615
E38000230,NHS Devon CCG,E54000037,Devon,E40000006,South West,1200739,10681,11069,11554,12373,12460,12813,13138,13916,13640,13523,12989,13405,13066,12715,12356,11992,12010,11631,12475,15378,16121,15284,14690,13590,12868,13354,13215,14078,14453,14204,13475,13571,13101,12940,12873,13156,13133,13234,12894,13139,12864,11883,11884,12256,12851,13275,14150,14944,15839,15953,16600,16414,17097,17178,17726,17840,17271,17257,16742,16444,16306,16050,15975,15203,14837,15109,15112,14838,14929,15420,15988,17006,18440,14261,13694,13396,12320,10658,9299,9348,8931,8463,7910,7258,6590,5989,5494,5044,4467,3942,15437
E38000150,NHS Somerset CCG,E54000038,Somerset,E40000006,South West,562225,5167,5493,5725,5996,6102,6171,6340,6565,6572,6567,6533,6559,6443,6342,6275,6138,6256,5946,5833,4870,4417,4666,5125,5454,5366,5775,5374,5681,5714,6008,6241,6191,6036,5979,6014,5801,6005,5858,6106,5928,5891,5633,5614,5778,6131,6478,6836,7463,7791,7833,8037,8250,8440,8596,8640,8643,8516,8332,8376,7853,7825,7770,7553,7203,7198,7483,7414,7538,7549,7537,7763,8145,8628,6642,6505,6271,5988,5245,4432,4484,4252,4064,3820,3426,3104,2923,2585,2313,2126,1947,7729
E38000222,"NHS Bristol, North Somerset and South Gloucestershire CCG",E54000039,"Bristol, North Somerset and South Gloucestershire",E40000006,South West,963522,10826,10873,11375,11511,11401,11466,11772,12016,11775,11601,11197,11363,10768,10498,10068,9874,9447,9259,10111,13717,15981,15736,15701,15212,15797,15998,15792,15739,16304,15709,15428,15022,14505,13825,13844,13391,13222,13035,12970,12924,11973,11351,11248,11206,11133,11214,11619,11769,12387,11994,12111,11909,12557,12566,12347,12147,11813,11365,10726,10289,9953,9933,9391,9061,8724,8890,8822,8239,8461,8644,8830,9309,10058,7714,7777,7576,6961,6139,5406,5502,5366,4982,4650,4362,4070,3568,3361,3105,2608,2200,9083
E38000231,"NHS Bath and North East Somerset, Swindon and Wiltshire CCG",E54000040,"Bath and North East Somerset, Swindon and Wiltshire",E40000006,South West,921917,9174,9877,10136,10785,10746,11081,11348,11765,11738,11589,11372,11475,11189,10945,10378,10431,10248,9960,10534,11051,11096,10295,11429,10654,10326,10946,10607,10926,11115,10606,11331,11259,11028,10832,11111,11071,11378,11135,11134,11668,11138,10488,10358,10912,11279,11917,12853,13385,13230,13189,13350,13251,13861,13599,13578,13576,13159,12926,12402,11925,11566,11045,10661,10204,9956,10070,9965,9558,9466,9681,9865,10601,11208,8688,8640,8270,7482,6731,5851,5938,5738,5389,4984,4674,4312,3762,3510,3127,2987,2480,9363
E38000045,NHS Dorset CCG,E54000041,Dorset,E40000006,South West,773839,6489,6889,7300,7727,7745,8008,8107,8795,8579,8482,8426,8720,8380,8060,8149,7998,7948,7634,8056,8427,8877,8753,8599,7860,7418,7669,7583,7926,8287,8051,7958,8292,8445,8235,8511,8170,8284,8858,9402,9233,8971,8088,8296,8341,8848,8992,9311,10019,10484,10414,10472,10659,11047,11153,11289,11517,11273,11299,10617,10280,10280,10405,10046,9557,9505,9748,9574,9572,9835,10361,10241,11342,12584,9539,9053,8908,8270,7280,6173,6287,6217,6165,5573,5055,4857,4319,4007,3673,3405,2968,11340
E38000062,NHS Gloucestershire CCG,E54000043,Gloucestershire,E40000006,South West,637070,6289,6741,6751,7195,7173,7358,7378,7748,7574,7448,7403,7567,7275,7171,6882,7067,6924,6966,7158,6438,6624,6629,6764,6707,6641,6893,6701,6681,7202,7328,7538,7402,7124,7406,7389,7403,7568,7665,7893,7832,7827,7155,6831,7320,7673,7968,8470,8994,9129,8949,9403,9434,9804,9673,9653,9670,9316,9287,8961,8687,8438,8150,7777,7590,7505,7459,7449,7439,7176,7462,7657,7926,8520,6479,6233,6343,5914,5176,4418,4470,4507,4072,3832,3405,3241,2868,2628,2360,1981,1830,6665
E38000026,NHS Cambridgeshire and Peterborough CCG,E54000021,Cambridgeshire and Peterborough,E40000007,East of England,892627,9789,10514,10808,11553,11434,11622,11935,12241,11608,11417,11428,11091,10768,10417,10133,10135,9683,9731,9960,10294,10496,10919,11301,11387,11161,11333,10822,10888,11083,11120,11264,11742,11519,11594,11620,11380,11630,11782,12171,12053,11908,11137,11098,11094,11298,11521,12023,12408,12573,12138,12484,12404,12602,12608,12357,12319,11893,11477,11124,10530,10129,10199,9555,9243,9111,9142,8773,8862,8709,8796,9087,9381,10314,8033,7579,7257,6719,5837,5037,5237,5064,4766,4544,4067,3784,3410,3024,2843,2520,2139,8644
E38000239,NHS Norfolk and Waveney CCG,E54000022,Norfolk and Waveney Health and Care Partnership,E40000007,East of England,1026193,9294,9844,10461,10758,10874,10953,11515,11698,11665,11532,11404,11649,11236,10706,10389,10267,10064,9963,10468,11085,11200,11380,11609,11676,11534,11928,11194,11387,11555,11417,11700,11808,11707,11714,11591,11359,11341,11537,11539,11319,11049,10299,10186,10586,11017,11751,12264,13025,13612,13514,14052,14096,14207,14624,14756,14701,14342,14219,14122,13565,13326,13207,13049,12880,12408,12894,12868,12809,12884,13299,13698,14963,16875,12673,11949,11826,10871,9537,8245,8310,8021,7901,7267,6555,6015,5372,4908,4576,3972,3518,13210
E38000086,NHS Ipswich and East Suffolk CCG,E54000023,Suffolk and North East Essex,E40000007,East of England,411211,3831,4159,4179,4513,4466,4582,4554,4746,4935,5054,4858,4950,4871,4868,4719,4842,4443,4347,4378,3747,3393,3538,4047,4137,4360,4332,4343,4609,4614,4616,4638,4768,4812,4659,4740,4501,4631,4916,4845,4959,4667,4394,4391,4459,4817,4989,5330,5502,5789,5792,5923,5814,6003,6073,6220,6157,5965,5719,5838,5429,5488,5421,5451,5039,5031,5152,4970,4932,5003,5198,5207,5472,6170,4543,4360,4250,3776,3494,2938,3017,3003,2819,2569,2392,2337,1989,1817,1610,1483,1359,5150
E38000117,NHS North East Essex CCG,E54000023,Suffolk and North East Essex,E40000007,East of England,341267,3317,3639,3707,3729,3929,4000,4016,4182,3971,3972,3897,3870,3703,3666,3560,3549,3345,3234,3747,4438,4879,4680,4418,4280,3933,4348,4321,4552,4760,4431,4278,4201,3903,3893,3892,3689,3897,3755,3872,3882,3755,3639,3638,3658,3879,3852,4058,4274,4444,4304,4630,4622,4616,4759,4558,4644,4446,4583,4352,4178,4116,4141,3912,3790,3764,3810,4023,3852,3849,4072,4383,4724,5285,3860,3655,3735,3321,2888,2446,2575,2485,2326,2122,1917,1855,1575,1477,1271,1121,1043,3650
E38000204,NHS West Suffolk CCG,E54000023,Suffolk and North East Essex,E40000007,East of England,231706,2460,2538,2625,2933,2708,2659,2996,2905,3001,2830,2727,2770,2676,2588,2469,2521,2377,2275,2160,1809,1938,2188,2497,2542,2671,2792,2722,2722,3030,2888,3014,3192,2970,3054,3000,2968,2808,2939,2742,2735,2711,2330,2381,2474,2502,2631,2810,2885,3133,3095,3359,3177,3305,3327,3272,3380,3203,3105,2980,2770,2758,2842,2664,2604,2536,2638,2689,2538,2644,2675,2854,3092,3417,2564,2410,2441,2217,1955,1703,1679,1691,1583,1432,1327,1190,1076,912,900,799,708,2899
E38000010,NHS Bedfordshire CCG,E54000024,"Bedfordshire, Luton and Milton Keynes",E40000007,East of England,461940,5526,5764,5942,6096,6103,6127,6239,6251,6164,5987,5950,5947,5614,5685,5312,5303,5263,5081,5071,3859,3703,4003,4482,5028,4772,5106,5066,5292,5488,5831,5924,6411,6200,6401,6400,6160,6259,6485,6580,6665,6503,5904,5945,5949,6065,6124,6341,6568,6583,6406,6739,6697,6791,6933,6770,6679,6514,6386,6070,5688,5664,5437,5233,4916,4797,4739,4548,4389,4448,4576,4654,4947,5273,3930,3735,3873,3493,2857,2535,2556,2495,2424,2246,2163,2041,1702,1463,1363,1269,1095,3884
E38000102,NHS Luton CCG,E54000024,"Bedfordshire, Luton and Milton Keynes",E40000007,East of England,213052,3309,3293,3522,3549,3535,3571,3509,3537,3384,3189,3165,3175,2968,2883,2909,2636,2706,2647,2523,2210,2329,2435,2512,2546,2582,2858,2981,2895,3251,3377,3401,3580,3595,3706,3692,3695,3680,3422,3262,3231,3137,2822,2775,2750,2786,2466,2592,2667,2543,2593,2476,2627,2506,2465,2533,2579,2501,2447,2168,2169,2047,1925,1836,1823,1628,1613,1563,1530,1431,1383,1374,1375,1433,1134,1154,1033,1009,953,853,967,908,926,904,826,748,636,538,513,433,332,1372
E38000107,NHS Milton Keynes CCG,E54000024,"Bedfordshire, Luton and Milton Keynes",E40000007,East of England,275882,3459,3642,3768,4013,4093,4073,4250,4430,4474,4312,4240,4257,3987,3821,3441,3423,3256,3183,3044,2219,1984,2251,2514,2992,3082,3176,3025,3142,3310,3443,3418,3820,3696,4279,4426,4342,4288,4551,4707,4593,4555,4296,4190,3965,4054,4024,3974,3882,3840,3780,3794,3678,3818,3628,3522,3585,3394,3206,3194,3145,3132,2924,2807,2773,2666,2613,2566,2507,2425,2406,2377,2309,2481,1907,1635,1726,1518,1356,1194,1174,1206,1011,991,907,718,661,667,550,552,462,1713
E38000049,NHS East and North Hertfordshire CCG,E54000025,Hertfordshire and West Essex,E40000007,East of England,571713,6380,6772,6904,7093,7073,7213,7337,7739,7540,7612,7239,7317,7073,6838,6634,6640,6339,6381,6339,5991,6231,6479,7030,7027,7147,7311,7229,7109,7231,7296,7466,7504,7530,7769,7483,7659,7594,7686,8174,8394,7922,7296,7274,7357,7466,7619,7760,7974,8241,7823,8161,8114,8350,8467,8487,8230,7937,7702,7241,6935,6795,6459,6212,5839,5479,5367,5175,4927,4937,5024,5117,5435,6165,4426,4382,4275,4040,3492,3083,3302,3200,3121,2948,2731,2676,2336,1981,1975,1711,1499,5445
E38000079,NHS Herts Valleys CCG,E54000025,Hertfordshire and West Essex,E40000007,East of England,598034,7083,7383,7708,8012,8006,8172,8103,8435,8776,8613,8545,8588,8042,7883,7382,7422,7086,6965,6889,4283,3897,4638,5740,6309,6487,6623,6406,6513,6949,6935,7319,7915,7692,7750,7779,8054,8652,9127,8884,9220,8927,8693,8630,8683,8752,8740,8586,8891,8883,8410,8442,8733,8489,8700,8530,8253,8238,7815,7563,6924,6884,6567,6258,6019,5759,5714,5346,5138,5198,5188,5273,5516,6080,4754,4501,4467,4170,3406,2986,3249,3281,3083,3050,2697,2477,2374,2163,1995,1743,1545,6006
E38000197,NHS West Essex CCG,E54000025,Hertfordshire and West Essex,E40000007,East of England,310040,3782,3858,3989,4061,4082,4151,4250,4166,4034,4021,3905,3956,3808,3741,3553,3655,3374,3506,3300,2493,2453,2828,3077,3329,3439,3555,3551,3570,3572,3741,3887,4015,3957,3825,3936,3981,4011,4127,4270,4327,4203,3858,3864,3874,4001,3910,4229,4270,4520,4514,4539,4531,4662,4650,4732,4453,4533,4334,4224,4063,3774,3728,3505,3448,3215,3176,3094,2928,2876,2970,2998,3202,3575,2670,2605,2581,2375,2051,1740,1799,1874,1769,1540,1453,1398,1338,1112,1056,977,918,3195
E38000007,NHS Basildon and Brentwood CCG,E54000026,Mid and South Essex,E40000007,East of England,264220,3394,3350,3488,3561,3460,3481,3580,3577,3343,3272,3388,3377,3208,3253,3099,3144,2980,3025,2844,2296,2371,2511,2677,3051,2993,3293,3209,3302,3378,3406,3574,3697,3444,3602,3542,3452,3422,3425,3516,3646,3437,3372,3334,3325,3423,3244,3600,3556,3726,3705,3753,3797,3875,3865,3802,3680,3644,3517,3491,3214,3059,2999,2914,2706,2626,2563,2373,2449,2461,2450,2508,2753,3155,2336,2164,2076,1973,1667,1419,1547,1492,1524,1457,1316,1197,1121,973,887,824,692,2548
E38000030,NHS Castle Point and Rochford CCG,E54000026,Mid and South Essex,E40000007,East of England,177744,1577,1668,1743,1754,1881,1867,1931,1886,2070,2073,2082,2070,1990,2044,1886,2031,1950,1819,1923,1598,1590,1771,1853,1923,1928,1952,1898,1980,1928,1898,2002,1973,1843,1851,1841,1802,1807,1965,1988,2059,1998,1800,1950,1973,2147,2181,2266,2400,2577,2548,2724,2614,2762,2647,2641,2580,2621,2547,2493,2306,2341,2303,2266,2120,2047,2150,2261,2065,2161,2209,2335,2657,3082,2216,2083,1992,1916,1652,1416,1426,1455,1323,1250,1212,972,907,837,746,606,509,1759
E38000106,NHS Mid Essex CCG,E54000026,Mid and South Essex,E40000007,East of England,395918,3956,4343,4319,4536,4495,4570,4617,4827,4893,5017,4909,4945,4726,4810,4669,4387,4429,4235,4316,3345,3378,3487,3999,4156,4182,4420,4261,4466,4579,4627,4675,4795,4877,4769,4841,4883,4603,5026,5079,4976,4935,4704,4679,4912,5179,5357,5351,5772,5976,5841,5827,6041,6228,6056,5871,5811,5603,5606,5301,4971,4877,4966,4638,4743,4395,4447,4382,4215,4333,4230,4647,5014,5613,4140,3834,3839,3385,2911,2500,2540,2552,2317,2257,2122,1875,1578,1438,1408,1240,1047,3991
E38000168,NHS Southend CCG,E54000026,Mid and South Essex,E40000007,East of England,183125,2065,2227,2256,2316,2239,2336,2285,2402,2326,2355,2343,2288,2312,2146,2058,1952,1883,1949,1945,1598,1585,1714,1930,2002,1974,2155,1960,1977,2083,2174,2069,2224,2326,2495,2527,2302,2426,2531,2461,2793,2580,2395,2326,2434,2365,2589,2799,2705,2574,2521,2677,2680,2603,2600,2562,2632,2500,2435,2394,2274,2159,2065,1924,1882,1836,1901,1863,1834,1758,1844,1897,2117,2178,1723,1651,1604,1421,1287,1029,1157,1127,1089,954,923,856,784,706,642,572,500,2208
E38000185,NHS Thurrock CCG,E54000026,Mid and South Essex,E40000007,East of England,174341,2489,2612,2647,2769,2765,2603,2665,2724,2673,2483,2490,2629,2423,2303,2259,2130,2009,1977,1892,1646,1665,1595,1938,1998,1960,2080,2185,2228,2290,2513,2629,2555,2675,2825,2779,2782,2549,2715,2767,2544,2631,2479,2370,2487,2505,2337,2392,2447,2567,2349,2487,2331,2504,2440,2336,2219,2164,2026,1938,1827,1783,1628,1567,1533,1471,1494,1472,1353,1378,1412,1373,1478,1657,1197,1054,1020,975,859,717,758,729,643,641,543,493,462,387,386,337,280,965
E38000028,NHS Cannock Chase CCG,E54000010,Staffordshire and Stoke on Trent,E40000008,Midlands,137595,1443,1536,1447,1472,1480,1525,1637,1545,1605,1553,1567,1566,1561,1572,1427,1527,1430,1383,1437,1202,1274,1329,1548,1565,1628,1727,1687,1842,1909,1843,1782,1801,1860,1825,1734,1794,1696,1734,1724,1687,1592,1364,1391,1580,1587,1724,1900,2040,2077,2077,2196,2168,2098,2197,2134,2166,2100,2055,1939,1671,1791,1667,1646,1564,1511,1570,1530,1408,1465,1560,1468,1584,1753,1365,1414,1290,1216,1135,899,928,910,799,788,635,554,483,428,422,366,299,1187
E38000053,NHS East Staffordshire CCG,E54000010,Staffordshire and Stoke on Trent,E40000008,Midlands,129944,1433,1458,1578,1585,1568,1669,1600,1690,1628,1628,1591,1587,1523,1548,1501,1540,1459,1496,1415,1116,1061,1155,1290,1540,1536,1579,1531,1574,1629,1624,1521,1611,1597,1509,1636,1553,1623,1663,1663,1786,1574,1450,1393,1475,1561,1588,1742,1847,1911,1859,1878,1930,2035,1967,1970,1932,1813,1909,1829,1706,1721,1567,1581,1427,1470,1396,1423,1278,1398,1406,1380,1456,1586,1202,1205,1268,1124,985,842,874,819,723,734,642,562,504,476,412,377,305,1138
E38000126,NHS North Staffordshire CCG,E54000010,Staffordshire and Stoke on Trent,E40000008,Midlands,219600,1737,1915,2022,2063,2111,2191,2197,2239,2440,2354,2415,2459,2302,2315,2448,2308,2259,2213,2316,3128,3081,3113,2929,2664,2571,2603,2575,2801,3055,2890,2651,2460,2394,2483,2442,2296,2379,2539,2361,2541,2225,2291,2303,2370,2590,2662,2727,2996,3200,3210,3206,3235,3337,3302,3177,3246,3229,3181,3155,2857,2865,2924,2671,2669,2520,2666,2640,2506,2591,2776,2772,3107,3112,2326,2345,2325,2055,1863,1719,1542,1549,1487,1426,1203,1090,1032,849,832,675,583,2121
E38000153,NHS South East Staffordshire and Seisdon Peninsula CCG,E54000010,Staffordshire and Stoke on Trent,E40000008,Midlands,226837,2020,2252,2340,2356,2325,2300,2462,2613,2623,2631,2578,2604,2576,2535,2405,2524,2350,2334,2426,2066,2032,2300,2464,2408,2580,2553,2415,2601,2649,2594,2609,2766,2559,2550,2673,2629,2612,2591,2615,2823,2642,2426,2418,2685,2710,2783,3000,3235,3387,3293,3422,3365,3334,3516,3521,3364,3276,3194,3268,3039,2892,2907,2848,2827,2640,2835,2772,2537,2645,2735,2814,3104,3240,2460,2567,2571,2372,2080,1782,1784,1703,1552,1421,1239,1096,1008,927,782,672,587,2217
E38000173,NHS Stafford and Surrounds CCG,E54000010,Staffordshire and Stoke on Trent,E40000008,Midlands,157308,1457,1463,1516,1615,1600,1617,1695,1704,1724,1689,1751,1886,1798,1705,1705,1615,1609,1498,1590,1264,1293,1435,1556,1597,1667,1837,1957,1933,1949,1948,1903,1849,1821,1727,1781,1725,1768,1767,1856,1851,1824,1712,1720,1729,1863,1971,2147,2198,2408,2296,2294,2436,2449,2369,2459,2481,2349,2307,2238,2151,2109,2065,1944,1871,1868,1814,1899,1859,1951,1906,2078,2094,2264,1728,1739,1845,1716,1406,1243,1226,1234,1128,1041,932,811,739,621,557,483,416,1599
E38000175,NHS Stoke on Trent CCG,E54000010,Staffordshire and Stoke on Trent,E40000008,Midlands,264651,3338,3271,3409,3482,3459,3738,3660,3639,3570,3255,3240,3461,3122,3092,3092,2928,2834,2685,2870,3392,3603,3610,3703,3436,3534,3644,3815,3887,3963,3858,3715,3859,3720,3603,3746,3482,3476,3446,3368,3236,3146,2722,2787,2911,2935,2955,3276,3400,3542,3498,3605,3381,3506,3469,3622,3420,3320,3479,3289,3097,2990,2994,2996,2866,2763,2773,2646,2563,2389,2628,2694,2681,2990,2174,2197,2075,2081,1723,1584,1593,1397,1440,1277,1202,984,900,811,735,623,582,1699
E38000147,NHS Shropshire CCG,E54000011,Shropshire and Telford and Wrekin,E40000008,Midlands,323136,2619,2885,3073,3217,3063,3175,3272,3395,3468,3603,3464,3682,3564,3490,3537,3531,3563,3412,3459,2787,2576,2725,2995,3089,3294,3205,3156,3379,3520,3625,3504,3448,3614,3591,3514,3390,3437,3351,3585,3669,3366,3407,3338,3400,3598,3755,4046,4405,4839,4469,4826,4873,4972,5115,5138,5092,5167,5089,4929,4670,4597,4480,4359,4264,4254,4313,4254,4198,4182,4197,4425,4698,4762,4000,3777,3884,3417,2990,2647,2693,2498,2358,2280,1934,1802,1631,1439,1319,1145,1046,3873
E38000183,NHS Telford and Wrekin CCG,E54000011,Shropshire and Telford and Wrekin,E40000008,Midlands,179854,2051,2135,2222,2220,2216,2440,2445,2513,2486,2513,2423,2408,2421,2281,2195,2090,2007,2054,2044,2128,2004,1966,2438,2157,2350,2369,2179,2304,2288,2063,2463,2272,2223,2369,2485,2301,2561,2325,2235,2383,2388,2072,2020,2010,2283,2249,2393,2526,2588,2616,2625,2638,2600,2615,2581,2556,2471,2327,2246,2158,2109,2004,1835,1883,1947,1937,1804,1882,1733,1817,1869,1774,1980,1517,1426,1428,1306,1212,1059,1027,965,891,830,686,663,564,491,422,373,333,1098
E38000229,NHS Derby and Derbyshire CCG,E54000012,Joined Up Care Derbyshire,E40000008,Midlands,1026426,10229,10567,11003,11335,11374,11616,12013,12413,12257,12298,11951,12382,11795,11693,11410,11335,10988,10792,10863,10199,10735,10807,11616,11937,12060,12428,12539,12936,13243,12857,12941,12581,12544,12434,12371,12055,12177,12058,12501,12359,11925,11023,10952,11668,12279,12697,13472,14556,15286,14802,15628,15574,15964,15924,15789,15444,15074,14574,13951,13354,13258,12921,12345,12160,11367,11727,11454,11130,11252,11506,11703,12497,13402,10189,9990,10179,8938,7701,6716,6775,6690,6349,5603,5191,4784,4205,3841,3484,3065,2580,9796
E38000238,NHS Lincolnshire CCG,E54000013,Lincolnshire,E40000008,Midlands,761224,6964,7484,7676,8393,8468,8481,8508,8969,8858,8547,8386,8617,8235,8137,7792,7783,7657,7457,8026,9112,9194,8557,8437,8439,7872,8125,8373,8407,8549,8677,8461,8728,8442,8564,8558,8300,8509,8449,8376,8693,8222,7593,7662,7823,8198,8669,9374,10104,10619,10324,10591,10413,11042,11145,11539,11469,11234,11220,11042,10480,10197,10190,9926,9618,9465,9561,9661,9410,9600,9959,9970,10841,11611,9072,8699,8595,7712,6878,5836,5898,5754,5196,4909,4362,3994,3420,3170,2906,2614,2181,7996
E38000243,NHS Nottingham and Nottinghamshire CCG,E54000014,Nottingham and Nottinghamshire Health and Care,E40000008,Midlands,1043665,10733,11114,11935,12190,12228,12300,12534,13015,12835,12583,12360,12429,12013,11815,11099,10866,10573,10496,12042,19059,20121,18600,17064,15128,14461,15727,15424,15646,15541,15201,13956,13423,13231,13313,12960,12829,12801,12545,12758,13169,12362,11683,11265,11712,11885,12131,13022,13490,13996,13695,14272,14062,14090,14232,14294,14013,14045,13400,12936,12709,12199,11710,11080,10683,10527,10639,10241,10105,10093,10288,10263,10714,11683,8759,8575,8600,7740,6648,5935,6010,5977,5594,5151,4676,4350,3796,3361,3171,2685,2313,8688
E38000051,NHS East Leicestershire and Rutland CCG,E54000015,"Leicester, Leicestershire and Rutland",E40000008,Midlands,338592,3171,3416,3417,3704,3769,3699,3937,3988,4057,4073,4009,4145,4069,4098,4017,4058,3865,3686,3862,3619,2720,2795,3219,3719,3850,3822,3629,3316,3514,3542,3655,3864,3614,3823,3923,3839,3839,3945,4107,4159,3915,3813,3758,3932,4207,4316,4551,4736,5073,4796,5231,5215,5179,5207,5304,5208,5113,4911,4876,4507,4390,4322,4125,4073,3801,3807,4021,3815,3891,3979,4184,4282,4666,3501,3462,3508,3236,2610,2353,2356,2401,2321,2101,1947,1801,1632,1431,1270,1117,1037,3751
E38000097,NHS Leicester City CCG,E54000015,"Leicester, Leicestershire and Rutland",E40000008,Midlands,354224,4655,4731,4990,5021,5050,5027,5046,5196,4832,4602,4834,4704,4509,4510,4214,4132,4011,4018,4561,7534,9632,9464,7883,6347,6248,6656,6515,6561,6711,6151,5395,5302,4966,4803,4990,5169,4883,4566,4691,4700,4433,4021,3979,4073,3888,3729,3940,4020,4020,3783,3922,3848,3770,3657,3851,3695,3754,3665,3785,3577,3439,3281,3115,3094,2954,2962,2779,2717,2530,2499,2404,2411,2264,1834,1665,1664,1684,1318,1277,1371,1286,1217,1202,1050,993,894,846,717,649,636,2252
E38000201,NHS West Leicestershire CCG,E54000015,"Leicester, Leicestershire and Rutland",E40000008,Midlands,407490,3847,4218,4259,4574,4511,4344,4595,4831,4991,4644,4450,4666,4566,4470,4340,4578,4224,4428,4776,6405,6382,5633,5835,5222,5326,5327,5189,5335,5512,4899,4807,4905,4610,4824,5078,4814,4942,4976,4924,5018,4800,4384,4390,4681,4787,4950,5473,5616,6101,5699,6002,5950,5929,5918,5923,5794,5588,5626,5491,5099,5022,4897,4602,4601,4317,4417,4634,4519,4442,4483,4695,4926,5140,3896,3952,3851,3461,2828,2522,2560,2473,2302,2086,1888,1682,1461,1346,1259,1153,957,3642
E38000046,NHS Dudley CCG,E54000016,The Black Country and West Birmingham,E40000008,Midlands,321596,3528,3753,3845,3836,3806,4018,4077,4106,4033,4014,3906,3989,3765,3971,3913,3797,3551,3636,3567,3076,3051,3196,3546,3719,3726,3931,3879,4043,4044,3946,4093,4009,4134,4111,4028,3889,4057,3991,3889,4051,3816,3552,3447,3541,3683,3807,4042,4505,4768,4763,4711,4726,4700,4522,4747,4621,4360,4450,4026,3818,3732,3659,3606,3546,3326,3353,3481,3367,3359,3360,3469,3507,3860,3025,3153,3279,2968,2623,2239,2297,2230,2206,1963,1822,1673,1318,1275,1065,1020,860,2830
E38000144,NHS Sandwell and West Birmingham CCG,E54000016,The Black Country and West Birmingham,E40000008,Midlands,506073,6957,7051,7387,7489,7365,7309,7868,7825,7164,7155,7526,7317,7086,7224,6841,6638,6446,6368,6398,6153,6734,6939,7371,7772,7712,7912,8126,8309,8324,8042,7882,7755,7922,7986,7834,7638,7497,7359,7477,7295,6783,6299,6088,6243,6274,6237,6387,6345,6345,6555,6418,6404,6201,6127,6006,6099,5757,5693,5383,4892,4894,4584,4459,4149,4109,3896,3903,3708,3384,3523,3436,3392,3397,2816,2817,2948,2840,2562,2265,2359,2198,2156,1927,1833,1670,1373,1267,1185,1071,836,3127
E38000191,NHS Walsall CCG,E54000016,The Black Country and West Birmingham,E40000008,Midlands,285478,3669,3898,3981,3990,3963,4036,3983,4155,3973,3845,3947,3922,3772,3778,3598,3531,3473,3456,3365,3037,3050,3193,3409,3385,3439,3658,3754,3876,3993,3894,3952,4014,3888,3763,3973,3762,3888,3737,3536,3687,3522,3106,3095,3256,3259,3339,3480,3855,3941,3899,3857,3772,3797,3849,3682,3765,3638,3730,3505,3219,3054,3079,2887,2862,2686,2700,2649,2523,2589,2584,2622,2664,2799,2256,2270,2329,2212,2009,1808,1746,1770,1700,1545,1444,1253,1059,937,978,780,675,2220
E38000210,NHS Wolverhampton CCG,E54000016,The Black Country and West Birmingham,E40000008,Midlands,263357,3374,3507,3556,3660,3687,3787,3791,3805,3842,3643,3394,3615,3351,3254,3203,3034,2909,2864,2874,2661,2824,2950,3246,3292,3476,3564,3718,3792,3884,3870,3878,3946,3722,3905,3813,3658,3661,3443,3466,3535,3382,3065,2990,3137,3060,3263,3489,3522,3780,3619,3499,3423,3532,3547,3442,3386,3314,3257,3137,2948,2834,2776,2651,2573,2415,2492,2354,2401,2335,2256,2220,2270,2309,1863,1821,1975,1830,1617,1529,1594,1445,1418,1324,1251,1088,1003,935,885,734,624,2289
E38000220,NHS Birmingham and Solihull CCG,E54000017,Birmingham and Solihull,E40000008,Midlands,1180567,15388,15835,16470,16717,16629,16898,17023,17284,16572,15975,16326,16368,15917,15840,15396,15001,14558,14178,15254,19658,20848,20368,19511,19388,18814,19020,18448,18623,18801,17300,16481,16319,16103,15743,15493,14952,15273,14916,15212,15428,14406,13464,13360,13499,13262,13369,13868,14465,14678,14589,14773,14556,14225,14397,14317,13903,13682,13748,12648,12152,11716,11413,10947,10186,10088,10035,9863,9441,9113,9264,9228,9494,10126,7952,7943,7962,7382,6577,5658,5815,5867,5580,5292,4920,4549,3837,3743,3404,2987,2611,9885
E38000038,NHS Coventry and Rugby CCG,E54000018,Coventry and Warwickshire,E40000008,Midlands,480456,5574,5697,5975,6027,6058,6076,6330,6564,6344,6104,5999,5906,5759,5502,5162,5243,5040,4973,5793,8757,8703,8760,9254,9979,9214,9180,9059,8962,8836,8719,8367,7795,7500,7374,6984,6668,6581,6231,6141,6295,5794,5432,5183,5331,5347,5526,5602,5638,5617,5699,5713,5644,5607,5538,5454,5394,5452,5143,5043,4709,4630,4406,4181,4023,3899,3874,3798,3611,3576,3682,3725,3866,4007,3338,3410,3397,3177,2580,2461,2395,2405,2216,2040,2001,1688,1489,1320,1173,1075,932,3730
E38000164,NHS South Warwickshire CCG,E54000018,Coventry and Warwickshire,E40000008,Midlands,273851,2585,2724,2759,2837,2914,2894,2914,3101,3005,2928,3069,3111,3007,2918,2895,2875,2684,2787,2858,3201,4047,4201,3837,2945,3407,3412,3216,3579,4173,3802,3189,2892,2717,2897,2865,2892,3008,3116,3319,3240,3096,3069,3101,3136,3258,3498,3536,3872,3916,3741,3845,3942,3832,4088,3969,4051,3923,3726,3781,3449,3488,3218,3279,3016,2993,2997,2968,2991,3015,3043,3247,3320,3609,3065,2962,2905,2654,2232,1900,1958,1901,1882,1796,1606,1482,1238,1144,1051,1007,827,3408
E38000195,NHS Warwickshire North CCG,E54000018,Coventry and Warwickshire,E40000008,Midlands,195147,2199,2314,2248,2436,2280,2314,2473,2336,2497,2475,2317,2237,2360,2229,2158,2093,2092,2087,2037,1729,1775,1804,2033,2286,2190,2272,2266,2541,2416,2438,2532,2438,2422,2554,2559,2409,2375,2428,2372,2433,2332,2156,2103,2259,2272,2395,2568,2634,2912,2703,2931,2876,2935,3055,2950,2865,2761,2812,2689,2500,2461,2399,2414,2233,2148,2217,2213,2097,2145,2246,2201,2293,2465,1881,2045,1957,1709,1452,1294,1266,1212,1201,1098,937,800,746,642,636,577,454,1546
E38000236,NHS Herefordshire and Worcestershire CCG,E54000019,Herefordshire and Worcestershire,E40000008,Midlands,788587,7391,7786,8116,8409,8532,8708,9145,9331,9251,8973,9024,9079,9006,8665,8697,8524,8075,8196,7912,7029,6811,7463,7898,8394,8306,8648,8517,8894,9289,9283,9114,8766,8875,8932,8879,8905,9101,8956,9230,9432,9163,8369,8568,8756,9109,9547,9967,10861,11129,10914,11439,11487,11927,11965,12046,11781,11614,11408,10821,10483,10359,10380,9875,9861,9644,10065,10000,9556,9740,9891,10506,10509,11212,8934,8664,8828,7676,6861,5886,5884,5765,5311,5160,4426,4158,3783,3302,3120,2677,2335,9323
E38000242,NHS Northamptonshire CCG,E54000020,Northamptonshire,E40000008,Midlands,736219,8485,8971,9241,9653,9640,9867,9995,10239,9991,9939,9820,9894,9574,9194,8551,8530,8223,8057,8137,7013,6934,7047,7744,7847,7893,8184,8425,8633,8942,8916,9013,9704,9224,9652,9828,9604,10107,9822,9944,10239,9714,8926,8857,9227,9523,10023,10196,10572,10988,10255,10915,10835,10932,10760,10947,10624,10343,9969,9448,9075,8688,8548,8152,7840,7649,7713,7485,7425,7522,7610,7816,8269,8776,6586,6269,6156,5253,4806,4105,3982,3948,3688,3243,3077,2704,2518,2209,2069,1751,1566,5951
E38000006,NHS Barnsley CCG,E54000009,South Yorkshire and Bassetlaw,E40000009,North East and Yorkshire,246866,2631,2786,2930,2816,2979,2824,3075,3124,3003,2933,2844,2954,2858,2871,2704,2688,2555,2508,2473,2112,2222,2460,2678,2955,3007,3089,3269,3238,3385,3146,3109,3407,3236,3162,3246,3214,3205,3105,3038,3063,2837,2611,2469,2605,2830,2918,3247,3343,3793,3537,3695,3821,3751,3719,3731,3652,3581,3485,3450,3286,3359,3195,3191,2934,2762,2888,2754,2643,2669,2624,2734,2822,2964,2416,2391,2260,2041,1670,1643,1520,1459,1433,1257,1190,1033,916,901,665,691,596,1982
E38000008,NHS Bassetlaw CCG,E54000009,South Yorkshire and Bassetlaw,E40000009,North East and Yorkshire,117459,1125,1156,1354,1338,1333,1336,1350,1450,1452,1344,1322,1335,1304,1312,1260,1300,1253,1176,1186,1044,1020,1093,1176,1235,1393,1337,1263,1370,1359,1259,1278,1243,1242,1321,1289,1274,1314,1308,1336,1363,1241,1262,1274,1303,1386,1439,1556,1595,1795,1681,1730,1830,1834,1863,1884,1909,1788,1777,1740,1663,1655,1584,1562,1408,1462,1477,1447,1360,1369,1440,1492,1637,1641,1283,1252,1224,1130,957,877,844,817,747,704,596,586,534,401,437,375,306,1102
E38000044,NHS Doncaster CCG,E54000009,South Yorkshire and Bassetlaw,E40000009,North East and Yorkshire,311890,3418,3590,3621,3704,3734,3808,3923,3900,3966,3894,4133,4016,3731,3725,3629,3463,3303,3360,3284,2702,2760,2974,3430,3544,3723,3870,3973,4042,4393,4253,4201,4257,4312,4299,4354,4114,4069,3990,4041,4070,3547,3406,3281,3514,3650,3648,3999,3980,4416,4185,4358,4375,4368,4506,4447,4553,4500,4336,4239,4152,4030,4022,3823,3713,3524,3488,3407,3325,3379,3182,3431,3501,3671,2813,2765,2711,2320,2122,1976,1958,1901,1741,1686,1577,1389,1202,1130,1020,801,689,2560
E38000141,NHS Rotherham CCG,E54000009,South Yorkshire and Bassetlaw,E40000009,North East and Yorkshire,265411,2893,3057,3136,3334,3142,3333,3337,3409,3384,3340,3409,3405,3229,3209,3004,2972,3002,2927,2866,2570,2584,2552,2905,3024,3121,3240,3184,3289,3600,3397,3377,3529,3340,3268,3515,3246,3312,3288,3326,3189,3015,2768,2680,2973,2948,3141,3486,3678,3793,3864,3786,3897,3822,3843,3866,3818,3785,3636,3608,3512,3335,3423,3176,3102,2913,2928,2884,2693,2841,2879,2810,3036,3255,2513,2756,2447,2151,1970,1767,1805,1722,1649,1413,1338,1154,1046,902,787,740,566,2247
E38000146,NHS Sheffield CCG,E54000009,South Yorkshire and Bassetlaw,E40000009,North East and Yorkshire,584853,6051,6347,6621,6645,6548,6527,6755,7127,6656,6935,6887,6822,6682,6597,6394,6209,5948,5985,6911,11619,13647,13554,12567,10744,10169,10429,11308,11332,10282,9683,8445,8508,7615,7654,7471,7053,6850,6883,7042,7267,6984,6281,6275,6208,6393,6463,6654,7170,7478,7539,7586,7564,7416,7290,7050,6860,6898,6853,6483,6269,5998,5915,5592,5281,5144,5103,5035,4779,4749,4762,4924,5321,5553,4426,4406,4451,3856,3477,3138,3296,3182,3071,2762,2600,2426,2147,1811,1642,1479,1360,4684
E38000127,NHS North Tyneside CCG,E54000050,Cumbria and North East,E40000009,North East and Yorkshire,207913,2233,2259,2244,2386,2293,2439,2361,2348,2448,2481,2431,2463,2260,2459,2295,2193,2141,2117,2063,1705,1620,1900,2081,2190,2068,2260,2364,2429,2521,2337,2579,2651,2790,2771,2814,2743,2756,2759,3020,2990,2951,2420,2465,2564,2586,2630,2741,3075,2978,2947,2921,2906,2960,3028,3201,3165,3187,2982,2838,2750,2747,2844,2635,2541,2486,2541,2483,2300,2328,2332,2342,2555,2666,2048,1853,1851,1573,1386,1209,1411,1286,1300,1132,1062,979,864,799,713,612,592,1886
E38000130,NHS Northumberland CCG,E54000050,Cumbria and North East,E40000009,North East and Yorkshire,322434,2665,2952,2996,3146,3006,3129,3346,3406,3480,3529,3457,3647,3343,3515,3382,3444,3284,3323,3220,2641,2532,2617,2938,3212,3154,2984,3225,3409,3403,3305,3301,3505,3354,3372,3530,3384,3365,3528,3538,3766,3761,3294,3295,3426,3573,3627,3909,4170,4632,4347,4529,4608,4849,4890,5281,5291,5199,5148,5124,5152,5156,5030,4812,4714,4501,4577,4428,4451,4520,4527,4630,4945,5151,3827,3775,3591,3213,2774,2609,2534,2432,2226,2173,1895,1805,1519,1379,1248,1075,955,3524
E38000163,NHS South Tyneside CCG,E54000050,Cumbria and North East,E40000009,North East and Yorkshire,150976,1495,1635,1619,1828,1662,1721,1740,1829,1752,1745,1724,1767,1648,1676,1632,1597,1556,1542,1518,1462,1448,1493,1680,1744,1788,1862,1924,1887,1995,1979,1951,1969,2058,2035,1994,1786,1713,1777,1898,1892,1806,1545,1480,1592,1628,1729,1806,1958,2025,2010,2157,2122,2204,2336,2369,2331,2340,2248,2254,2238,2208,2178,2022,1937,1839,1881,1800,1641,1713,1720,1755,1818,1861,1459,1275,1247,1159,1041,946,979,980,964,928,745,711,659,582,506,461,361,1401
E38000176,NHS Sunderland CCG,E54000050,Cumbria and North East,E40000009,North East and Yorkshire,277705,2719,2872,3060,3066,3057,3102,3124,3588,3164,3111,3115,3173,3206,3042,2869,2966,2869,2746,2866,2886,2983,3278,3383,3654,3572,3795,3830,4180,4268,3931,3942,3777,3589,3588,3451,3269,3283,3200,3272,3288,3234,3020,2716,2971,3038,3034,3436,3707,3992,3787,3750,3895,3961,3876,4100,4133,4077,4043,3917,3785,3845,3854,3792,3494,3271,3285,3231,3181,3152,3046,3164,3250,3527,2559,2423,2245,2101,1958,1768,1849,1788,1763,1543,1445,1231,1167,981,920,839,637,1790
E38000212,NHS Newcastle Gateshead CCG,E54000050,Cumbria and North East,E40000009,North East and Yorkshire,504875,5249,5201,5443,5650,5491,5660,5683,5883,5968,5770,5708,5519,5451,5301,4911,4802,4952,5196,6185,10507,12086,11801,10287,9255,8691,8868,8780,8767,8932,8244,7556,7322,7022,7214,6619,6483,6722,6267,6059,6140,5782,5244,5128,5448,5249,5215,5469,6084,6245,5850,5925,6023,6194,6206,6313,6127,6338,6274,5880,5770,5754,5794,5373,5136,4865,4729,4553,4323,4355,4665,4568,4798,5243,3710,3658,3471,3088,2828,2729,2816,2847,2689,2510,2169,2122,1871,1666,1506,1386,1109,4135
E38000215,NHS North Cumbria CCG,E54000050,Cumbria and North East,E40000009,North East and Yorkshire,319371,2801,2935,3135,3268,3278,3401,3410,3581,3574,3557,3494,3586,3404,3505,3279,3369,3262,3157,3124,2723,2776,2868,3240,3184,3179,3387,3483,3810,3628,3401,3398,3413,3201,3456,3466,3336,3626,3508,3551,3653,3385,3221,3111,3330,3491,3762,4052,4270,4722,4615,4941,4849,5029,5011,5118,5128,5077,5043,4853,4783,4838,4771,4446,4338,4101,4124,4200,4026,4316,4169,4337,4526,4679,3451,3255,3432,3054,2840,2524,2507,2379,2367,2137,1886,1668,1426,1389,1369,1052,920,3646
E38000234,NHS County Durham CCG,E54000050,Cumbria and North East,E40000009,North East and Yorkshire,530094,4890,5085,5292,5483,5597,5826,5993,5978,6278,6197,5781,6087,5913,5861,5567,5318,5291,5031,5649,7656,8488,8102,7069,6410,6419,6533,6635,7093,7052,6514,6012,5923,5814,6296,6287,5963,6392,6183,6121,6165,5869,5466,5254,5495,5655,5848,6471,6861,7526,7127,7524,7730,7847,7974,8110,8103,7882,7804,7414,7023,7300,7117,6849,6638,6511,6245,6364,6082,6193,6254,6406,6491,7166,5402,5295,5129,4412,3974,3661,3629,3516,3308,3118,2648,2484,2159,1878,1638,1530,1229,4241
E38000247,NHS Tees Valley CCG,E54000050,Cumbria and North East,E40000009,North East and Yorkshire,675944,7370,7608,7967,8016,8209,8347,8713,8924,8937,8710,8487,8538,8308,8431,7789,7757,7418,7304,7387,6754,6898,7208,7975,8235,8431,8780,8731,9437,9011,8855,8787,8955,8618,8864,8700,8486,8034,8197,8183,8149,7732,7133,6950,7383,7416,7702,8035,8726,9094,9081,8914,9136,9558,9903,9879,9534,9864,9911,9273,8873,8908,8808,8399,7977,7557,7544,7549,7143,7062,7181,7318,7569,8144,6243,5850,5602,4926,4747,4260,4321,4309,4114,3755,3381,3177,2612,2508,2194,1922,1628,5631
E38000052,NHS East Riding of Yorkshire CCG,E54000051,"Humber, Coast and Vale",E40000009,North East and Yorkshire,318400,2515,2769,2926,3048,3150,3223,3296,3578,3515,3432,3417,3665,3508,3396,3415,3397,3267,3299,3358,2565,2457,2450,2655,2782,2892,2879,2934,3020,2800,2692,3073,3090,3020,3078,3041,3202,3162,3175,3322,3353,3513,3260,3079,3472,3753,3804,4185,4441,4662,4550,4876,4800,4774,5041,5040,5139,5174,5053,4890,4702,4569,4733,4557,4507,4360,4351,4390,4329,4492,4750,4740,5071,5746,4171,3814,3655,3462,2979,2711,2794,2730,2578,2459,2123,1967,1713,1534,1380,1214,987,3510
E38000085,NHS Hull CCG,E54000051,"Humber, Coast and Vale",E40000009,North East and Yorkshire,259778,3236,3273,3472,3492,3410,3444,3549,3590,3360,3313,3289,3232,3053,3005,2696,2825,2481,2650,2741,3358,4168,4542,4456,4052,3614,4142,4251,4383,5100,4563,4244,4261,3930,3975,3966,3528,3455,3450,3353,3200,3025,2743,2744,2904,2894,2986,3207,3254,3231,3074,3218,3238,3390,3300,3369,3335,3341,3348,3181,3062,2846,2905,2771,2585,2402,2457,2421,2309,2292,2148,2250,2449,2545,1840,1629,1565,1542,1285,1202,1270,1267,1149,1132,1022,899,785,696,633,535,476,1525
E38000119,NHS North East Lincolnshire CCG,E54000051,"Humber, Coast and Vale",E40000009,North East and Yorkshire,159563,1622,1764,1883,1898,1999,1970,2019,2115,2054,2102,2043,1947,1955,1977,1956,1731,1736,1747,1664,1432,1441,1432,1667,1739,1669,1908,1889,2094,2091,2053,2168,2286,2071,2108,1936,1896,1847,1888,1888,1770,1770,1599,1562,1696,1763,1822,1951,2177,2267,2098,2273,2196,2254,2330,2307,2332,2374,2325,2256,2113,2063,2064,1900,1929,1816,1847,1771,1747,1734,1725,1761,1873,2124,1551,1450,1398,1295,1158,1123,1118,1058,1024,997,838,850,733,647,553,498,399,1599
E38000122,NHS North Lincolnshire CCG,E54000051,"Humber, Coast and Vale",E40000009,North East and Yorkshire,172292,1596,1753,1849,1891,1884,1948,2077,2073,2113,2181,2214,2179,2101,2133,1999,1961,1847,1839,1839,1497,1372,1554,1580,1779,1856,1899,1958,1960,2062,2014,2031,2118,2148,2216,2142,2173,2123,1997,2089,2045,2001,1772,1743,1867,1982,2050,2115,2265,2328,2470,2608,2454,2602,2586,2627,2695,2643,2562,2489,2400,2354,2309,2221,2252,2151,2054,2146,2050,2052,2138,2106,2157,2296,1703,1732,1615,1479,1365,1174,1184,1127,1051,950,938,837,693,650,557,531,396,1675
E38000188,NHS Vale of York CCG,E54000051,"Humber, Coast and Vale",E40000009,North East and Yorkshire,366072,3192,3349,3467,3633,3671,3776,3734,3979,3957,3898,3967,3972,3938,3766,3724,3666,3633,3588,4045,7009,7455,6975,5554,4909,4754,5497,4931,4862,4810,4988,4479,4489,4317,4248,4218,4255,4155,4216,4290,4180,4148,3919,3880,3911,4169,4221,4429,4890,5021,5020,5051,5119,5044,5085,5295,5316,5069,5051,4905,4680,4552,4449,4224,4139,4054,4106,3894,3845,3993,4053,4207,4374,4811,3622,3517,3344,3060,2680,2270,2461,2366,2307,2179,2037,1785,1578,1379,1239,1150,926,3702
E38000241,NHS North Yorkshire CCG,E54000051,"Humber, Coast and Vale",E40000009,North East and Yorkshire,428231,3550,3793,4061,4267,4368,4357,4534,4685,4779,4898,4749,4794,4849,4713,4627,4497,4707,5030,4574,3467,3042,3069,3819,3898,3832,3654,4209,4461,4761,4725,4464,4743,4414,4632,4434,4392,4345,4538,4748,4536,4539,4214,4295,4652,4713,5052,5435,5864,6197,5990,6328,6456,6773,6563,7015,6959,6945,6692,6707,6464,6263,6115,5920,5893,5584,5738,5592,5465,5623,5551,5871,6176,6803,5143,5094,4875,4362,3808,3473,3540,3527,3324,2863,2831,2518,2268,1990,1750,1671,1370,5362
E38000025,NHS Calderdale CCG,E54000054,West Yorkshire and Harrogate (Health and Care Partnership),E40000009,North East and Yorkshire,211455,2190,2372,2448,2522,2658,2557,2777,2776,2706,2772,2626,2699,2617,2596,2556,2522,2368,2356,2349,1995,1937,1970,2239,2390,2379,2396,2455,2514,2491,2518,2468,2606,2684,2432,2699,2562,2661,2623,2612,2890,2733,2429,2449,2544,2495,2756,2944,2994,3322,3201,3159,3271,3144,3149,3224,3315,3103,3031,2861,2783,2718,2640,2593,2565,2289,2389,2274,2154,2269,2284,2317,2479,2566,1889,1841,1823,1661,1379,1263,1258,1157,1122,1062,939,818,728,679,618,561,438,1787
E38000064,NHS Greater Huddersfield CCG,E54000054,West Yorkshire and Harrogate (Health and Care Partnership),E40000009,North East and Yorkshire,246604,2545,2621,2913,2952,2980,2988,3038,3183,3185,3022,3114,3060,3017,2969,2854,2818,2790,2763,2798,2866,3128,3258,3450,3451,3242,3154,2996,3101,3211,3155,2917,3114,2909,2944,2896,2976,3043,3181,3125,3125,3098,2909,2751,2909,2992,3065,3153,3586,3667,3587,3620,3612,3530,3585,3500,3479,3439,3248,3156,3195,3005,3016,2869,2623,2586,2586,2530,2562,2563,2589,2621,2693,3034,2150,2117,2024,1860,1640,1416,1485,1398,1427,1235,1117,973,913,726,685,645,546,2037
E38000121,NHS North Kirklees CCG,E54000054,West Yorkshire and Harrogate (Health and Care Partnership),E40000009,North East and Yorkshire,193183,2314,2542,2593,2584,2698,2728,2799,2753,2863,2713,2692,2787,2593,2616,2609,2515,2471,2412,2408,2108,2068,2045,2049,2040,1922,2296,2294,2507,2680,2703,2537,2620,2612,2666,2695,2630,2662,2584,2684,2626,2581,2354,2334,2350,2314,2393,2601,2699,2806,2736,2718,2709,2625,2517,2457,2508,2356,2426,2241,2170,2132,2105,2034,1967,1807,1827,1844,1709,1874,1773,1837,1996,2099,1518,1493,1343,1380,1208,1036,1054,1028,1016,936,788,717,640,593,514,424,432,1446
E38000190,NHS Wakefield CCG,E54000054,West Yorkshire and Harrogate (Health and Care Partnership),E40000009,North East and Yorkshire,348312,3937,4183,4378,4335,4261,4286,4407,4519,4295,4224,4163,4123,4047,4012,3789,3846,3544,3496,3521,3000,3010,3158,3610,3959,4044,4309,4363,4733,4787,4757,4597,4844,4888,4844,4931,4548,4681,4547,4293,4467,4075,3699,3586,4074,4141,4174,4535,4871,5154,5166,5080,5159,5244,5244,5044,5119,4928,4815,4796,4549,4527,4370,4109,4042,3799,3840,3830,3532,3555,3754,3822,3827,4204,3263,3153,3177,2803,2361,2182,2155,2111,2007,1728,1585,1427,1387,1201,983,788,764,2837
E38000225,NHS Leeds CCG,E54000054,West Yorkshire and Harrogate (Health and Care Partnership),E40000009,North East and Yorkshire,793139,9620,9839,10045,10196,10214,10032,10226,10317,9867,10001,9638,9171,9015,8942,8291,8155,7875,7978,9085,15036,16782,16217,16055,15250,14213,14143,14723,14040,12992,11206,11054,11215,10510,11021,10562,10719,10392,10608,10447,10363,9534,8818,8867,9065,8795,8909,9395,9588,10202,9638,9643,9708,9811,9618,9776,9573,9340,9084,8596,8132,8058,7848,7670,7258,6642,6985,6801,6564,6686,6647,6855,7200,7816,5640,5435,5315,4980,4341,3882,4185,3940,3892,3642,3427,3158,2631,2355,2189,1884,1601,5465
E38000232,NHS Bradford District and Craven CCG,E54000054,West Yorkshire and Harrogate (Health and Care Partnership),E40000009,North East and Yorkshire,590901,7870,7836,8281,8591,8594,8698,8701,8998,8661,8819,8719,8849,8525,8688,8178,7932,8003,7788,7657,6844,6809,6725,6923,7214,6893,6921,6957,7171,7314,7415,7691,7766,7765,7680,8011,8067,7990,7897,8201,8153,7808,7138,7027,7049,7326,7380,7508,7985,8049,7819,7593,7544,7693,7369,7480,7464,7222,7240,7015,7004,6568,6658,6377,6174,5811,5850,5702,5447,5164,5297,5231,5559,5856,4098,3859,3912,3592,3186,2950,3110,2908,2870,2772,2457,2308,2078,1735,1658,1417,1215,4574
E38000016,NHS Bolton CCG,E54000007,Greater Manchester Health and Social Care Partnership,E40000010,North West,287550,3640,3681,3911,3958,3972,3953,3970,4187,4021,4059,3839,3859,3822,3777,3488,3550,3325,3373,3332,3008,3093,3170,3381,3402,3538,3544,3601,3742,3852,3835,3764,4122,3933,3883,3947,3840,3629,3709,3576,3702,3377,3358,3221,3455,3442,3553,3717,3905,4136,4011,4054,3946,4040,4064,3955,3896,3688,3720,3536,3413,3280,3194,3103,2844,2832,2830,2808,2698,2658,2847,2878,3065,3252,2405,2262,2315,2143,1807,1753,1605,1672,1486,1309,1172,1074,882,853,749,655,596,2048
E38000024,NHS Bury CCG,E54000007,Greater Manchester Health and Social Care Partnership,E40000010,North West,190990,2287,2204,2323,2477,2397,2469,2537,2623,2581,2542,2460,2582,2402,2387,2359,2258,2234,2167,2067,1699,1762,1884,2034,2193,2210,2399,2254,2464,2552,2590,2610,2479,2651,2563,2527,2560,2424,2619,2557,2386,2405,2274,2093,2233,2363,2345,2499,2626,2748,2610,2755,2744,2816,2726,2744,2715,2658,2628,2409,2435,2301,2164,2041,2048,1812,1897,1989,1849,1821,1926,2032,2102,2351,1689,1596,1668,1397,1293,1162,1187,1100,1035,997,878,818,677,578,523,451,419,1590
E38000080,"NHS Heywood, Middleton and Rochdale CCG",E54000007,Greater Manchester Health and Social Care Partnership,E40000010,North West,222412,2892,2918,3134,3092,3121,3043,3170,3171,3163,3079,2995,3032,2986,2922,2737,2724,2556,2564,2615,2186,2382,2408,2655,2781,2929,2825,2961,2989,3183,3277,3033,3235,3188,3107,2981,2848,3006,2937,2993,3006,2716,2608,2486,2512,2729,2634,2801,2951,3053,3003,3070,3107,3126,3010,2937,2937,2841,2869,2719,2684,2580,2567,2442,2354,2237,2260,2241,2129,2055,2112,2069,2155,2383,1659,1673,1517,1462,1347,1168,1212,1102,1033,953,856,810,640,647,562,490,463,1617
E38000135,NHS Oldham CCG,E54000007,Greater Manchester Health and Social Care Partnership,E40000010,North West,237110,3170,3255,3323,3339,3448,3434,3456,3403,3373,3399,3368,3457,3341,3238,3251,3088,3087,3162,2973,2682,2643,2646,2930,2977,3065,3046,3110,3183,3278,3244,3393,3340,3212,3162,3341,3083,3214,3091,3002,3159,2937,2656,2625,2683,2799,2732,2972,3101,3253,3297,3198,3171,3165,3099,3181,3146,2847,2875,2866,2764,2657,2468,2347,2371,2222,2248,2226,2133,2016,2142,2083,2361,2483,1745,1723,1794,1631,1439,1275,1304,1232,1153,1069,886,812,732,641,558,543,407,1676
E38000143,NHS Salford CCG,E54000007,Greater Manchester Health and Social Care Partnership,E40000010,North West,258834,3604,3516,3493,3623,3395,3480,3498,3378,3454,3205,3120,3142,3022,2951,2833,2706,2526,2506,2782,3479,3944,3828,3626,4291,4322,4508,4647,4865,5016,4554,4749,4621,4591,4523,4294,4284,4131,3954,3798,3522,3349,2965,2701,2943,2867,2721,2892,3141,3142,2993,3221,3229,3104,3220,3182,3091,3036,3029,2812,2676,2685,2559,2572,2160,2034,2125,2055,1956,1992,2115,2003,2111,2397,1716,1593,1557,1500,1374,1239,1210,1202,1159,984,1002,799,734,603,584,493,451,1775
E38000174,NHS Stockport CCG,E54000007,Greater Manchester Health and Social Care Partnership,E40000010,North West,293423,3139,3396,3429,3699,3598,3746,3840,3779,3728,3575,3687,3641,3666,3495,3446,3375,3148,3131,3065,2469,2206,2354,2964,2964,3002,3196,3197,3642,3608,3527,3481,3941,3633,3697,3858,3710,3839,3875,3905,3995,3882,3783,3612,3499,3721,3655,3759,4263,4315,3965,4273,4152,4283,4152,4499,4139,4129,4105,3839,3844,3630,3600,3453,3321,3178,3122,3109,2984,3016,3073,3115,3336,3677,2697,2622,2528,2438,2230,1911,2012,1888,1910,1676,1595,1485,1212,1260,1108,942,798,2982
E38000182,NHS Tameside and Glossop CCG,E54000007,Greater Manchester Health and Social Care Partnership,E40000010,North West,260063,3111,3113,3291,3293,3281,3280,3406,3497,3508,3397,3185,3334,3072,3147,2918,2942,2711,2869,2748,2373,2530,2489,2843,3081,3037,3192,3266,3547,3587,3531,3518,3534,3487,3554,3521,3365,3383,3412,3313,3316,3222,2963,2908,2931,3015,3142,3302,3658,3802,3721,3797,3898,3883,3949,3971,3918,3790,3728,3707,3276,3270,3142,3063,2821,2586,2673,2714,2594,2629,2633,2694,2937,3160,2252,2143,2131,2033,1760,1514,1556,1359,1424,1199,1126,1018,845,738,702,589,531,1664
E38000187,NHS Trafford CCG,E54000007,Greater Manchester Health and Social Care Partnership,E40000010,North West,237354,2594,2716,2920,3104,2987,3259,3176,3441,3499,3389,3383,3524,3275,3259,3176,2970,2942,2897,2579,1866,1795,1907,2255,2301,2466,2430,2316,2548,2651,2599,2731,2869,2783,3123,3232,3377,3223,3401,3738,3431,3659,3459,3314,3233,3359,3289,3435,3600,3530,3454,3476,3386,3329,3455,3460,3468,3400,3176,2942,2827,2779,2715,2532,2380,2382,2223,2156,2083,2170,2192,2147,2348,2353,1816,1814,1821,1693,1412,1313,1393,1402,1271,1181,1134,1022,942,812,737,710,681,2357
E38000205,NHS Wigan Borough CCG,E54000007,Greater Manchester Health and Social Care Partnership,E40000010,North West,328662,3437,3615,3753,3734,3803,3804,3847,4033,4106,4080,4104,4066,3857,4045,3762,3716,3611,3543,3599,3080,3116,3105,3454,3688,3666,3813,3913,4224,4299,4324,4358,4336,4376,4319,4333,4354,4210,4216,4205,4246,4011,3631,3640,3762,3995,4250,4366,4796,5157,5047,5174,5068,5067,5048,4988,5030,4651,4681,4452,4096,4082,4037,3682,3492,3401,3549,3511,3423,3441,3656,3782,3956,4346,3152,3127,2983,2870,2549,2110,2102,1958,1813,1576,1382,1290,1068,848,865,757,625,2169
E38000217,NHS Manchester CCG,E54000007,Greater Manchester Health and Social Care Partnership,E40000010,North West,552858,7206,7266,7410,7582,7648,7468,7405,7622,7095,7103,6686,6723,6593,6424,6000,5540,5668,5475,6446,11558,13937,13992,13956,13287,12876,12832,13489,12950,13673,13106,11661,10749,9773,9823,9741,8811,8867,8379,7822,7937,7020,6483,6157,5863,5627,5696,5796,5790,5800,5750,6013,5670,5997,5499,5621,5336,5021,5020,4626,4324,4235,4091,4095,3734,3574,3297,3283,3193,3064,2982,2913,3007,2940,2166,2100,2113,1835,1753,1791,1644,1526,1520,1404,1287,1170,1008,880,859,660,581,2465
E38000068,NHS Halton CCG,E54000008,Cheshire and Merseyside,E40000010,North West,129410,1397,1485,1517,1571,1610,1598,1711,1690,1698,1786,1695,1738,1667,1721,1558,1488,1408,1432,1456,1256,1276,1255,1374,1512,1510,1648,1577,1643,1676,1589,1615,1681,1790,1633,1628,1746,1665,1688,1615,1588,1635,1395,1478,1558,1542,1522,1760,1844,1920,1765,1742,1730,1853,1759,1871,1739,1791,1941,1780,1661,1740,1676,1540,1649,1516,1537,1449,1493,1567,1465,1492,1542,1639,1115,941,1024,897,848,703,713,665,632,587,515,537,431,388,319,262,270,781
E38000091,NHS Knowsley CCG,E54000008,Cheshire and Merseyside,E40000010,North West,150862,1959,2015,2076,2041,2144,1898,1888,1985,2041,1894,1816,1799,1758,1847,1791,1566,1664,1620,1690,1562,1648,1690,1864,1937,1888,2006,2014,2270,2236,2232,2122,2089,2173,2065,2028,1889,1870,1824,1738,1735,1724,1537,1373,1512,1566,1670,1620,1917,2003,2003,1997,1965,2097,2096,2271,2265,2261,2376,2247,2154,2035,2061,2115,1789,1803,1722,1701,1467,1541,1471,1449,1436,1496,1138,1025,1045,937,863,807,859,820,819,759,707,634,534,473,467,409,312,1142
E38000101,NHS Liverpool CCG,E54000008,Cheshire and Merseyside,E40000010,North West,498042,5764,5870,6012,5935,5928,5849,5635,5963,5497,5155,5240,5160,5058,4839,4511,4538,4560,4538,5662,10556,12673,11728,10536,8960,8742,8805,9187,9442,9903,9339,8659,7805,7349,7780,7786,7081,7018,6698,6576,6560,6055,5588,5241,5232,5055,4979,5248,5612,5899,5849,5950,5726,5952,5799,6023,6064,6212,6118,5787,5624,5447,5380,5195,4987,4609,4603,4407,4401,4213,4148,4013,4176,4416,3338,2874,2984,2828,2421,2394,2386,2447,2226,2052,2045,1798,1547,1403,1288,1079,873,3154
E38000161,NHS South Sefton CCG,E54000008,Cheshire and Merseyside,E40000010,North West,160226,1730,1723,1801,1922,1837,1977,1860,1934,1945,1899,1866,1843,1802,1737,1631,1716,1690,1665,1737,1414,1495,1512,1725,1831,1891,1790,1858,1883,2171,2118,2017,1981,1973,1910,2020,1865,1858,1852,1899,1787,1767,1633,1623,1672,1696,1821,2021,2006,2221,2158,2307,2152,2343,2302,2495,2618,2549,2475,2549,2410,2309,2272,2198,2166,2030,2025,1877,1804,1772,1725,1784,1857,2000,1430,1340,1420,1250,1236,1181,1092,1072,1102,1026,883,804,799,677,591,543,432,1546
E38000170,NHS Southport and Formby CCG,E54000008,Cheshire and Merseyside,E40000010,North West,116184,915,1007,1042,1060,1129,1217,1215,1233,1307,1341,1245,1349,1294,1231,1242,1215,1196,1241,1187,954,894,935,1064,1056,1123,1129,1045,1125,1194,1239,1167,1099,1196,1114,1174,1139,1158,1166,1225,1237,1130,1087,1127,1173,1209,1456,1356,1537,1536,1574,1572,1672,1660,1669,1776,1793,1730,1701,1786,1710,1598,1731,1598,1561,1485,1600,1485,1472,1553,1526,1530,1696,1952,1475,1332,1436,1386,1188,1101,1085,1052,1076,1010,931,893,820,707,649,569,504,1830
E38000172,NHS St Helens CCG,E54000008,Cheshire and Merseyside,E40000010,North West,180585,1887,2006,2091,2054,2058,2134,2089,2296,2133,2176,2142,2155,2023,2066,1948,1947,1826,1837,1862,1670,1729,1723,1979,1981,2157,2090,2308,2384,2469,2297,2406,2479,2404,2328,2311,2184,2268,2347,2081,2070,2155,1884,1910,1965,2191,2245,2362,2538,2699,2520,2568,2541,2562,2645,2729,2717,2522,2545,2518,2339,2303,2193,2202,2137,1997,2080,1994,1970,2108,2010,2082,2250,2481,1858,1688,1765,1585,1427,1265,1218,1270,1191,1056,948,859,711,637,568,475,382,1325
E38000194,NHS Warrington CCG,E54000008,Cheshire and Merseyside,E40000010,North West,210014,2103,2248,2259,2473,2513,2542,2561,2687,2640,2590,2625,2558,2527,2444,2447,2422,2313,2439,2269,1891,1849,1902,2213,2372,2283,2365,2529,2448,2727,2624,2654,2667,2718,2728,2690,2731,2690,2760,2827,2797,2611,2441,2466,2640,2685,2704,2992,3122,3191,3185,3162,3126,3256,3299,3258,3278,3243,3025,2872,2622,2685,2478,2367,2290,2246,2223,2175,2088,2071,2147,2144,2267,2620,1924,1884,1878,1635,1592,1358,1425,1393,1239,1092,1011,880,798,681,569,519,408,1624
E38000208,NHS Wirral CCG,E54000008,Cheshire and Merseyside,E40000010,North West,324011,3241,3393,3521,3750,3648,3886,3854,4231,3949,3877,3870,3944,3957,3850,3699,3678,3581,3579,3465,2898,2821,2929,3251,3322,3595,3523,3540,3632,3881,3763,3740,4017,3760,3847,3723,3741,3656,3787,3784,3863,3701,3481,3418,3717,3853,3601,4072,4326,4620,4487,4584,4635,4666,4621,4903,4914,4888,4779,4669,4512,4370,4344,4192,3884,3865,3919,3957,3765,3849,3816,3919,4082,4374,3263,3134,3116,2857,2606,2349,2426,2266,2150,1849,1819,1649,1506,1281,1267,1158,893,3593
E38000233,NHS Cheshire CCG,E54000008,Cheshire and Merseyside,E40000010,North West,727223,6994,7607,7830,8135,8025,8175,8548,8801,8649,8120,8348,8670,8444,8377,8087,7967,7678,7491,7576,6318,6702,6965,7286,7490,7608,7631,7805,8221,7771,7813,7662,8137,7400,8098,8236,8033,8350,8359,8460,8824,8552,7912,7893,8356,8995,9296,9896,10552,10732,10511,11152,11127,11082,11202,11211,11374,11240,10925,10670,9921,9585,9524,9069,8836,8447,8509,8524,8228,8669,8769,8987,9700,10412,7679,7593,7454,6747,5879,5465,5481,5132,5015,4541,4224,3755,3245,2919,2667,2531,2109,8238
E38000014,NHS Blackburn with Darwen CCG,E54000048,Healthier Lancashire and South Cumbria,E40000010,North West,149696,2029,2041,2105,2208,2192,2145,2195,2342,2145,2211,2274,2269,2175,2119,2122,2015,2095,2060,1915,1765,1716,1696,1925,1985,2026,1961,1855,2037,1945,1947,1941,2046,2027,2136,2072,2075,2168,2245,2074,2023,1924,1794,1786,1720,1836,1969,1902,2032,1995,2015,2056,2107,1957,1929,1889,1853,1875,1820,1770,1742,1620,1513,1554,1465,1477,1307,1409,1293,1226,1308,1292,1322,1463,1023,914,914,856,781,646,698,720,660,566,545,432,397,390,321,286,219,786
E38000015,NHS Blackpool CCG,E54000048,Healthier Lancashire and South Cumbria,E40000010,North West,139446,1597,1601,1703,1650,1711,1696,1768,1783,1595,1617,1629,1636,1562,1509,1650,1524,1480,1504,1451,1397,1351,1516,1641,1740,1597,1756,1658,1875,1805,1702,1711,1680,1692,1681,1625,1599,1577,1441,1491,1568,1532,1392,1376,1475,1440,1586,1821,1887,2001,1949,2111,2116,2091,2203,2161,2218,2120,2129,1919,1874,1901,1820,1719,1757,1584,1461,1465,1454,1535,1483,1648,1634,1795,1442,1338,1241,1234,1039,1027,970,948,867,827,765,656,564,523,496,388,343,1352
E38000034,NHS Chorley and South Ribble CCG,E54000048,Healthier Lancashire and South Cumbria,E40000010,North West,178547,1772,1750,1970,2064,2105,2163,2176,2242,2250,2195,2241,2155,2107,2157,2016,2049,1822,1841,1867,1460,1485,1602,1804,1909,1974,1911,2036,2227,2263,2183,2292,2407,2350,2373,2366,2332,2288,2237,2281,2265,2217,1998,2109,2264,2331,2431,2509,2717,2866,2576,2649,2753,2625,2615,2715,2688,2607,2532,2425,2216,2192,2128,2144,2007,1929,2065,1941,1952,1948,2053,2027,2270,2422,1717,1703,1638,1509,1295,1217,1194,1075,1029,923,787,726,629,534,501,431,372,1359
E38000050,NHS East Lancashire CCG,E54000048,Healthier Lancashire and South Cumbria,E40000010,North West,382746,4389,4493,4715,4812,4853,4883,5054,5037,5004,5138,5105,5064,4833,4810,4682,4457,4406,4340,4386,3556,3470,3677,4018,4225,4188,4375,4401,4641,4943,4821,4820,5039,4752,4917,4831,4716,4720,4846,4730,4717,4511,4277,4217,4570,4524,4626,4884,5090,5382,5417,5687,5666,5464,5269,5392,5417,5416,5342,5146,4856,4730,4738,4663,4389,4247,4192,4219,3991,4109,4159,4484,4694,4889,3587,3476,3392,2999,2633,2479,2249,2143,2044,1911,1796,1556,1434,1223,1123,974,924,3282
E38000200,NHS West Lancashire CCG,E54000048,Healthier Lancashire and South Cumbria,E40000010,North West,114306,1057,1019,1103,1125,1219,1216,1309,1299,1359,1254,1290,1387,1272,1311,1258,1279,1199,1190,1397,2163,2230,2027,1608,1351,1217,1267,1287,1577,1389,1342,1176,1183,1079,1134,1085,1044,1101,1073,1037,1174,1063,1070,1046,1145,1202,1274,1477,1553,1653,1583,1659,1567,1593,1778,1774,1669,1727,1715,1586,1583,1472,1529,1467,1374,1347,1277,1343,1299,1315,1318,1382,1538,1595,1238,1177,1177,1121,1020,860,815,875,766,764,675,579,526,419,407,353,308,1166
E38000226,NHS Fylde and Wyre CCG,E54000048,Healthier Lancashire and South Cumbria,E40000010,North West,194337,1519,1562,1653,1747,1764,1835,1914,1913,2076,2103,2012,2118,2138,2073,2147,1959,1935,1916,1982,1464,1460,1508,1743,1749,1724,1936,1855,2050,1916,1829,1847,1937,1867,1915,2001,1847,1987,1894,2071,2116,1965,1836,1700,1914,1967,2196,2238,2548,2645,2682,2777,2833,3069,3026,3077,3015,3109,3102,3063,3062,2778,2776,2831,2647,2643,2709,2745,2554,2662,2758,2913,3128,3425,2585,2497,2476,2308,2124,1829,1903,1800,1631,1569,1468,1279,1211,979,916,892,730,2665
E38000227,NHS Greater Preston CCG,E54000048,Healthier Lancashire and South Cumbria,E40000010,North West,203825,2310,2365,2438,2583,2569,2512,2507,2460,2644,2572,2547,2536,2543,2447,2259,2367,2167,2167,2248,2788,3144,3267,3528,3269,2910,2897,3081,3045,2948,2863,2756,2750,2481,2394,2538,2490,2556,2301,2419,2546,2477,2122,2199,2297,2259,2383,2576,2694,2749,2743,2747,2807,2790,2692,2830,2841,2767,2810,2604,2483,2344,2324,2285,2237,1980,1975,2012,1943,1943,1953,2016,2026,2180,1633,1552,1562,1408,1256,1178,1225,1166,1125,961,943,928,732,692,605,557,451,1551
E38000228,NHS Morecambe Bay CCG,E54000048,Healthier Lancashire and South Cumbria,E40000010,North West,332696,3059,2967,3140,3348,3289,3389,3442,3577,3563,3367,3443,3552,3579,3471,3519,3418,3335,3404,3896,5070,5557,5133,4600,4149,4049,4326,4129,4371,4006,3663,3491,3288,3316,3298,3406,3440,3437,3422,3457,3486,3338,3171,3183,3391,3423,3722,3772,4190,4550,4532,4731,4619,4917,4851,5022,5043,4835,5034,4661,4694,4680,4408,4364,4112,4105,4100,4066,3915,3961,4174,4393,4518,5002,3839,3587,3571,3294,2912,2569,2610,2515,2426,2144,2004,1690,1583,1444,1224,1174,965,3816